user,path,loadtime,timestamps
eokafor,/api/,0.009,2026-02-20 15:46:24.845204
eokafor,/api/products/,0.134,2026-02-20 15:46:25.987057
eokafor,/api/products/?page=2,0.033,2026-02-20 15:46:28.162414
eokafor,/api/products/,0.028,2026-02-20 15:46:30.317082
eokafor,/api/,0.007,2026-02-20 15:46:31.732756
eokafor,/api/products/,0.057,2026-02-20 15:46:32.908543
eokafor,/api/,0.007,2026-02-20 15:46:34.732206
eokafor,/api/orders/,0.072,2026-02-20 15:46:36.397887
AnonymousUser,/api-auth/logout/?next=/api/orders/,0.04,2026-02-21 09:28:43.144520
AnonymousUser,/api/orders/,0.073,2026-02-21 09:28:43.222223
AnonymousUser,/api-auth/login/?next=/api/orders/,0.013,2026-02-21 09:28:45.481246
admin,/api-auth/login/,0.778,2026-02-21 09:28:48.095102
admin,/api/orders/,0.126,2026-02-21 09:28:48.239968
admin,/api/,0.006,2026-02-21 09:28:53.859176
admin,/api/order_items/,0.095,2026-02-21 09:28:56.541688
admin,/api/order_items/,0.049,2026-02-21 09:28:58.351190
admin,/api/order_items/2,0.016,2026-02-21 09:29:02.348708
admin,/api/order_items/2/,0.131,2026-02-21 09:29:02.495500
admin,/api/order_items/2/,0.187,2026-02-21 09:38:05.383664
admin,/api/order_items/2/,0.085,2026-02-21 09:38:48.154342
admin,/api/order_items/,0.083,2026-02-21 09:38:51.008622
admin,/api/order_items/?page=2,0.05,2026-02-21 09:39:24.613690
admin,/api/order_items/,0.052,2026-02-21 09:39:34.189694
admin,/api/order_items/?page=2,0.132,2026-02-21 09:40:57.222702
admin,/api/order_items/?page=2,0.115,2026-02-21 09:41:06.097902
admin,/api/order_items/?page=2,0.116,2026-02-21 09:41:39.230221
admin,/api/order_items/?page=3,0.048,2026-02-21 09:41:40.787992
admin,/api/order_items/?page=2,0.045,2026-02-21 09:41:41.830090
admin,/api/order_items/,GET,0.086,2026-02-21 10:35:52.465531
admin,/api/order_items/?page=2,GET,0.068,2026-02-21 10:35:53.470925
admin,/api/order_items/?page=2,GET,0.05,2026-02-23 10:26:56.878332
admin,/api/order_items/?page=2,GET,0.041,2026-02-23 10:30:22.051096
admin,/api/,GET,0.025,2026-02-23 10:30:31.026884
admin,/api/,GET,0.049,2026-02-23 10:45:12.883209
admin,/api/,GET,0.103,2026-02-23 10:46:31.736438
admin,/api/,GET,0.041,2026-02-23 10:52:00.254025
admin,/api/,GET,0.037,2026-02-23 11:00:26.207919
admin,/api/,GET,0.033,2026-02-23 11:06:02.984839
admin,/api/,GET,0.055,2026-02-23 11:08:21.689612
admin,/api/,GET,0.031,2026-02-23 11:08:22.900467
admin,/api/,GET,0.03,2026-02-23 11:08:23.914467
admin,/api/,GET,0.062,2026-02-23 11:08:38.809443
admin,/api/users/,GET,0.0,2026-02-23 11:08:44.980388
admin,/api/users/,GET,0.0,2026-02-23 11:08:51.473397
admin,/api/orders/,GET,0.121,2026-02-23 11:08:56.924007
admin,/api/orders/,GET,0.08,2026-02-23 11:09:14.307093
admin,/api/orders/,GET,0.143,2026-02-23 11:09:30.884612
admin,/api/orders/,GET,0.0,2026-02-23 11:09:37.240956
admin,/api/orders/,GET,0.0,2026-02-23 11:09:41.145418
admin,/api/products/,GET,0.133,2026-02-23 11:09:48.210801
admin,/api/,GET,0.011,2026-02-23 11:10:25.627500
admin,/api/orders/,GET,0.0,2026-02-23 11:12:19.675806
admin,/api/,GET,0.058,2026-02-23 13:33:53.381441
admin,/api/,GET,0.008,2026-02-23 13:34:36.761103
admin,/api/,GET,0.009,2026-02-23 13:34:37.139058
admin,/api/,GET,0.012,2026-02-23 13:34:37.482898
admin,/api/,GET,0.006,2026-02-23 13:34:37.833030
admin,/api/,GET,0.012,2026-02-23 13:34:38.196480
admin,/api/,GET,0.018,2026-02-23 13:34:38.584715
admin,/api/,GET,0.016,2026-02-23 13:34:38.922922
admin,/api/,GET,0.027,2026-02-23 13:34:39.325015
admin,/api/,GET,0.025,2026-02-23 13:34:40.400808
admin,/api/,GET,0.028,2026-02-23 13:34:41.240970
admin,/api/,GET,0.04,2026-02-23 13:36:30.632702
admin,/api/,GET,0.071,2026-02-23 13:37:09.415591
admin,/api/,GET,0.008,2026-02-23 13:37:11.124276
admin,/api/,GET,0.008,2026-02-23 13:37:11.531966
admin,/api/,GET,0.007,2026-02-23 13:37:11.942104
admin,/api/,GET,0.007,2026-02-23 13:37:12.360845
admin,/api/,GET,0.0,2026-02-23 13:37:12.734222
admin,/api/,GET,0.0,2026-02-23 13:37:12.920385
admin,/api/,GET,0.0,2026-02-23 13:37:13.139715
admin,/api/,GET,0.0,2026-02-23 13:37:24.721891
admin,/api/,GET,0.0,2026-02-23 13:37:25.421813
admin,/api/,GET,0.0,2026-02-23 13:37:27.021641
admin,/api/,GET,0.0,2026-02-23 13:37:27.888313
admin,/api/,GET,0.0,2026-02-23 13:37:29.155435
admin,/api/,GET,0.0,2026-02-23 13:37:39.311646
admin,/api/,GET,0.0,2026-02-23 13:37:39.997348
admin,/api/,GET,0.0,2026-02-23 13:37:40.351472
admin,/api/,GET,0.0,2026-02-23 13:37:41.119570
admin,/api/,GET,0.0,2026-02-23 13:37:44.507437
admin,/api/,GET,0.0,2026-02-23 13:37:54.002508
admin,/api/,GET,0.0,2026-02-23 13:37:54.615461
admin,/api/,GET,0.0,2026-02-23 13:37:55.369027
admin,/api/,GET,0.0,2026-02-23 13:37:55.805565
admin,/api/,GET,0.057,2026-02-23 13:38:23.122576
admin,/api/,GET,0.006,2026-02-23 13:38:24.679293
admin,/api/,GET,0.006,2026-02-23 13:38:25.709638
admin,/api/,GET,0.019,2026-02-23 13:38:27.479643
admin,/api/,GET,0.016,2026-02-23 13:38:28.316495
admin,/api/,GET,0.0,2026-02-23 13:38:29.153307
admin,/api/,GET,0.0,2026-02-23 13:38:33.472027
admin,/api/,GET,0.0,2026-02-23 13:38:34.226565
admin,/api/,GET,0.0,2026-02-23 13:38:34.855845
admin,/api/,GET,0.0,2026-02-23 13:38:35.507999
admin,/api/,GET,0.0,2026-02-23 13:38:36.099508
admin,/api/,GET,0.0,2026-02-23 13:38:36.626239
admin,/api/,GET,0.0,2026-02-23 13:38:37.165628
admin,/api/,GET,0.0,2026-02-23 13:38:37.655081
admin,/api/,GET,0.0,2026-02-23 13:38:38.046391
admin,/api/,GET,0.0,2026-02-23 13:38:38.421726
admin,/api/,GET,0.0,2026-02-23 13:38:38.669679
admin,/api/,GET,0.0,2026-02-23 13:38:38.888180
admin,/api/,GET,0.0,2026-02-23 13:38:39.096211
admin,/api/,GET,0.0,2026-02-23 13:38:39.333939
admin,/api/,GET,0.0,2026-02-23 13:38:39.503468
admin,/api/,GET,0.0,2026-02-23 13:38:40.175628
admin,/api/,GET,0.0,2026-02-23 13:38:40.615341
admin,/api/,GET,0.0,2026-02-23 13:38:41.064214
admin,/api/,GET,0.0,2026-02-23 13:38:41.474356
admin,/api/,GET,0.0,2026-02-23 13:38:41.791480
admin,/api/,GET,0.0,2026-02-23 13:38:42.089470
admin,/api/,GET,0.0,2026-02-23 13:38:42.325526
admin,/api/,GET,0.0,2026-02-23 13:38:42.611590
admin,/api/,GET,0.0,2026-02-23 13:38:42.859233
admin,/api/,GET,0.0,2026-02-23 13:38:43.098594
admin,/api/,GET,0.0,2026-02-23 13:38:43.390977
admin,/api/,GET,0.0,2026-02-23 13:38:43.654954
admin,/api/,GET,0.0,2026-02-23 13:38:43.887446
admin,/api/,GET,0.0,2026-02-23 13:38:44.117139
admin,/api/,GET,0.0,2026-02-23 13:38:44.338852
admin,/api/,GET,0.0,2026-02-23 13:38:44.538694
admin,/api/,GET,0.001,2026-02-23 13:38:44.779535
admin,/api/,GET,0.0,2026-02-23 13:38:44.989707
admin,/api/,GET,0.0,2026-02-23 13:38:45.208429
admin,/api/,GET,0.071,2026-02-23 13:40:26.914566
admin,/api/,GET,0.008,2026-02-23 13:40:29.690673
admin,/api/,GET,0.013,2026-02-23 13:40:31.010822
admin,/api/,GET,0.01,2026-02-23 13:40:32.445143
admin,/api/,GET,0.014,2026-02-23 13:40:33.648626
admin,/api/,GET,0.0,2026-02-23 13:40:34.817546
admin,/api/,GET,0.0,2026-02-23 13:40:39.071235
admin,/api/,GET,0.0,2026-02-23 13:40:39.920579
admin,/api/,GET,0.0,2026-02-23 13:40:40.783005
admin,/api/,GET,0.0,2026-02-23 13:40:41.693027
admin,/api/,GET,0.048,2026-02-23 13:43:34.853868
admin,/api/,GET,0.008,2026-02-23 13:43:36.478295
admin,/api/,GET,0.012,2026-02-23 13:43:37.448070
admin,/api/,GET,0.02,2026-02-23 13:43:38.369232
admin,/api/,GET,0.016,2026-02-23 13:43:39.338395
admin,/api/,GET,0.0,2026-02-23 13:43:40.189242
admin,/api/,GET,0.0,2026-02-23 13:43:40.549461
admin,/api/,GET,0.062,2026-02-23 13:44:21.948435
admin,/api/,GET,0.007,2026-02-23 13:44:22.931736
admin,/api/,GET,0.006,2026-02-23 13:44:23.228827
admin,/api/,GET,0.011,2026-02-23 13:44:23.419157
admin,/api/,GET,0.017,2026-02-23 13:44:24.125207
admin,/api/,GET,0.0,2026-02-23 13:44:24.455311
admin,/api/,GET,0.0,2026-02-23 13:44:24.613345
admin,/api/,GET,0.0,2026-02-23 13:44:24.760266
admin,/api/,GET,0.045,2026-02-23 13:44:53.747404
admin,/api/,GET,0.027,2026-02-23 13:44:54.797844
admin,/api/,GET,0.022,2026-02-23 13:44:55.617093
admin,/api/,GET,0.024,2026-02-23 13:44:56.361624
admin,/api/,GET,0.021,2026-02-23 13:44:57.069926
admin,/api/,GET,0.0,2026-02-23 13:44:57.786381
admin,/api/,GET,0.069,2026-02-23 13:45:56.811088
admin,/api/,GET,0.017,2026-02-23 13:45:58.053120
admin,/api/,GET,0.017,2026-02-23 13:45:59.110035
admin,/api/,GET,0.015,2026-02-23 13:46:00.086797
admin,/api/,GET,0.006,2026-02-23 13:46:00.381572
admin,/api/,GET,0.053,2026-02-23 13:46:52.388858
admin,/api/,GET,0.059,2026-02-23 13:46:53.233955
admin,/api/,GET,0.019,2026-02-23 13:46:53.934753
admin,/api/,GET,0.027,2026-02-23 13:46:54.701454
admin,/api/,GET,0.02,2026-02-23 13:46:55.443904
admin,/api/,GET,0.0,2026-02-23 13:46:56.997498
admin,/api/,GET,0.0,2026-02-23 13:47:01.924426
admin,/api/,GET,0.0,2026-02-23 13:47:03.149796
admin,/api/,GET,0.0,2026-02-23 13:47:04.184182
admin,/api/,GET,0.0,2026-02-23 13:47:05.163061
admin,/api/,GET,0.0,2026-02-23 13:47:07.385970
admin,/api/,GET,0.0,2026-02-23 13:47:08.511436
admin,/api/,GET,0.044,2026-02-23 13:48:21.314222
admin,/api/,GET,0.007,2026-02-23 13:48:22.958733
admin,/api/,GET,0.029,2026-02-23 13:48:23.888335
admin,/api/,GET,0.025,2026-02-23 13:48:24.730851
admin,/api/,GET,0.024,2026-02-23 13:48:25.544045
admin,/api/,GET,0.0,2026-02-23 13:48:26.309972
admin,/api/,GET,0.04,2026-02-23 13:49:16.763151
admin,/api/,GET,0.032,2026-02-23 13:49:17.685210
admin,/api/,GET,0.006,2026-02-23 13:49:17.935837
admin,/api/,GET,0.006,2026-02-23 13:49:18.269299
admin,/api/,GET,0.008,2026-02-23 13:49:18.575838
admin,/api/,GET,0.0,2026-02-23 13:49:18.899313
admin,/api/,GET,0.0,2026-02-23 13:49:19.119503
admin,/api/,GET,0.001,2026-02-23 13:49:20.948355
admin,/api/,GET,0.0,2026-02-23 13:49:21.381094
admin,/api/,GET,0.0,2026-02-23 13:49:21.659784
admin,/api/,GET,0.0,2026-02-23 13:49:21.988519
admin,/api/,GET,0.0,2026-02-23 13:49:22.224674
admin,/api/,GET,0.0,2026-02-23 13:49:23.415159
admin,/api/,GET,0.0,2026-02-23 13:49:24.456737
admin,/api/,GET,0.046,2026-02-23 13:54:18.503592
admin,/favicon.ico,GET,0.024,2026-02-23 13:54:18.724825
admin,/api/,GET,0.025,2026-02-23 13:54:19.460895
admin,/api/,GET,0.021,2026-02-23 13:54:20.384398
admin,/api/,GET,0.006,2026-02-23 13:54:20.694334
admin,/api/,GET,0.0,2026-02-23 13:54:21.046659
admin,/api/,GET,0.0,2026-02-23 13:54:21.440082
admin,/api/,GET,0.0,2026-02-23 13:54:22.732836
admin,/api/,GET,0.0,2026-02-23 13:54:23.301726
admin,/api/,GET,0.071,2026-02-23 13:58:51.795740
admin,/api/,GET,0.007,2026-02-23 13:58:52.042545
admin,/api/,GET,0.017,2026-02-23 13:58:52.393151
admin,/api/,GET,0.022,2026-02-23 13:58:52.886918
admin,/api/,GET,0.009,2026-02-23 13:58:53.160855
admin,/api/,GET,0.0,2026-02-23 13:58:53.500481
admin,/api/,GET,0.0,2026-02-23 13:58:53.843041
admin,/api/,GET,0.0,2026-02-23 13:58:55.182482
admin,/api/,GET,0.0,2026-02-23 13:58:55.702167
admin,/api/,GET,0.0,2026-02-23 13:58:56.178397
admin,/api/,GET,0.0,2026-02-23 13:58:56.671443
admin,/api/,GET,0.039,2026-02-23 14:00:27.277634
admin,/api/,GET,0.006,2026-02-23 14:00:28.745858
admin,/api/,GET,0.009,2026-02-23 14:00:29.290351
admin,/api/,GET,0.021,2026-02-23 14:00:30.223340
admin,/api/,GET,0.023,2026-02-23 14:00:31.158652
admin,/api/,GET,0.002,2026-02-23 14:00:32.050441
admin,/api/,GET,0.039,2026-02-23 14:04:02.664927
admin,/api/,GET,0.008,2026-02-23 14:04:03.601797
admin,/api/,GET,0.01,2026-02-23 14:04:03.934039
admin,/api/,GET,0.007,2026-02-23 14:04:04.107374
admin,/api/,GET,0.006,2026-02-23 14:04:04.441029
admin,/api/,GET,0.0,2026-02-23 14:04:04.943283
admin,/api/,GET,0.0,2026-02-23 14:04:05.122823
admin,/api/,GET,0.0,2026-02-23 14:04:05.308079
admin,/api/,GET,0.039,2026-02-23 14:04:46.995329
admin,/api/,GET,0.007,2026-02-23 14:04:48.414165
admin,/api/,GET,0.01,2026-02-23 14:04:48.599956
admin,/api/,GET,0.006,2026-02-23 14:04:48.790842
admin,/api/,GET,0.009,2026-02-23 14:04:49.181245
admin,/api/,GET,0.0,2026-02-23 14:04:49.561499
admin,/api/,GET,0.0,2026-02-23 14:04:49.958921
admin,/api/,GET,0.065,2026-02-23 14:05:19.976089
admin,/api/,GET,0.01,2026-02-23 14:05:20.952366
admin,/api/,GET,0.007,2026-02-23 14:05:21.254393
admin,/api/,GET,0.016,2026-02-23 14:05:21.607461
admin,/api/,GET,0.015,2026-02-23 14:05:21.914712
admin,/api/,GET,0.0,2026-02-23 14:05:22.317925
admin,/api/,GET,0.0,2026-02-23 14:05:26.889100
admin,/api/,GET,0.0,2026-02-23 14:05:27.509248
admin,/api/,GET,0.0,2026-02-23 14:05:27.845264
admin,/api/,GET,0.037,2026-02-23 14:13:20.262358
admin,/api/,GET,0.008,2026-02-23 14:13:20.566511
admin,/api/,GET,0.019,2026-02-23 14:13:20.939517
admin,/api/,GET,0.008,2026-02-23 14:13:21.212258
admin,/api/,GET,0.015,2026-02-23 14:13:21.558791
admin,/api/,GET,0.0,2026-02-23 14:13:21.859713
admin,/api/,GET,0.0,2026-02-23 14:13:22.204659
admin,/api/,GET,0.0,2026-02-23 14:13:25.007708
admin,/api/,GET,0.0,2026-02-23 14:13:25.569538
admin,/api/,GET,0.0,2026-02-23 14:13:25.767628
admin,/api/,GET,0.0,2026-02-23 14:13:25.983276
admin,/api/,GET,0.0,2026-02-23 14:13:26.156734
admin,/api/,GET,0.0,2026-02-23 14:13:26.344118
admin,/api/,GET,0.0,2026-02-23 14:13:26.519133
admin,/api/,GET,0.0,2026-02-23 14:13:26.679328
admin,/api/,GET,0.0,2026-02-23 14:13:26.858689
admin,/api/,GET,0.0,2026-02-23 14:13:27.039126
admin,/api/,GET,0.0,2026-02-23 14:13:27.223583
admin,/api/,GET,0.0,2026-02-23 14:13:27.412820
admin,/api/,GET,0.0,2026-02-23 14:13:27.616560
admin,/api/,GET,0.0,2026-02-23 14:13:27.828812
admin,/api/,GET,0.0,2026-02-23 14:13:28.120405
admin,/api/,GET,0.0,2026-02-23 14:13:28.440198
admin,/api/,GET,0.0,2026-02-23 14:13:28.620659
admin,/api/,GET,0.0,2026-02-23 14:13:28.808704
admin,/api/,GET,0.0,2026-02-23 14:13:28.971223
admin,/api/,GET,0.0,2026-02-23 14:13:29.170014
admin,/api/,GET,0.0,2026-02-23 14:13:29.341820
admin,/api/,GET,0.0,2026-02-23 14:13:30.482298
admin,/api/,GET,0.0,2026-02-23 14:13:30.670464
admin,/api/,GET,0.0,2026-02-23 14:13:30.949809
admin,/api/,GET,0.0,2026-02-23 14:13:31.170393
admin,/api/,GET,0.0,2026-02-23 14:13:31.705468
admin,/favicon.ico,GET,0.0,2026-02-23 14:13:31.779769
admin,/api/,GET,0.0,2026-02-23 14:13:31.986675
admin,/api/,GET,0.0,2026-02-23 14:13:32.228208
admin,/api/,GET,0.0,2026-02-23 14:13:32.572119
admin,/api/,GET,0.0,2026-02-23 14:13:32.784293
admin,/api/,GET,0.0,2026-02-23 14:13:33.023479
admin,/api/,GET,0.0,2026-02-23 14:13:33.270424
admin,/api/,GET,0.0,2026-02-23 14:13:33.518144
admin,/api/,GET,0.0,2026-02-23 14:13:33.792092
admin,/api/,GET,0.0,2026-02-23 14:13:34.276514
admin,/api/,GET,0.0,2026-02-23 14:13:34.522763
admin,/api/,GET,0.0,2026-02-23 14:13:34.820265
admin,/api/,GET,0.0,2026-02-23 14:13:35.016636
admin,/api/,GET,0.0,2026-02-23 14:13:35.267385
admin,/api/,GET,0.0,2026-02-23 14:13:35.735599
admin,/api/,GET,0.0,2026-02-23 14:13:35.954895
admin,/api/,GET,0.0,2026-02-23 14:13:36.185161
admin,/api/,GET,0.0,2026-02-23 14:13:36.423478
admin,/api/,GET,0.0,2026-02-23 14:13:36.656124
admin,/api/,GET,0.0,2026-02-23 14:13:36.853536
admin,/api/,GET,0.0,2026-02-23 14:13:37.207978
admin,/api/,GET,0.0,2026-02-23 14:13:37.405828
admin,/api/,GET,0.0,2026-02-23 14:13:37.634545
admin,/api/,GET,0.0,2026-02-23 14:13:37.907009
admin,/api/,GET,0.0,2026-02-23 14:13:38.144850
admin,/api/,GET,0.0,2026-02-23 14:13:38.409466
admin,/api/,GET,0.0,2026-02-23 14:13:38.870785
admin,/api/,GET,0.0,2026-02-23 14:13:39.155022
admin,/api/,GET,0.0,2026-02-23 14:13:39.592067
admin,/api/,GET,0.0,2026-02-23 14:13:39.869752
admin,/api/,GET,0.0,2026-02-23 14:13:40.075340
admin,/api/,GET,0.0,2026-02-23 14:13:40.324404
admin,/api/,GET,0.0,2026-02-23 14:13:40.561343
admin,/api/,GET,0.0,2026-02-23 14:13:40.794100
admin,/api/,GET,0.0,2026-02-23 14:13:41.009902
admin,/api/,GET,0.001,2026-02-23 14:13:41.295593
admin,/api/,GET,0.0,2026-02-23 14:13:41.524897
admin,/api/,GET,0.0,2026-02-23 14:13:41.758132
admin,/api/,GET,0.0,2026-02-23 14:13:42.039679
admin,/api/,GET,0.0,2026-02-23 14:13:42.254763
admin,/api/,GET,0.0,2026-02-23 14:13:42.507927
admin,/api/,GET,0.0,2026-02-23 14:13:42.749343
admin,/api/,GET,0.0,2026-02-23 14:13:43.013894
admin,/api/,GET,0.0,2026-02-23 14:13:43.203553
admin,/api/,GET,0.0,2026-02-23 14:13:43.463606
admin,/api/,GET,0.0,2026-02-23 14:13:43.695412
admin,/api/,GET,0.0,2026-02-23 14:13:43.943009
admin,/api/,GET,0.0,2026-02-23 14:13:44.223277
admin,/api/,GET,0.0,2026-02-23 14:13:44.435719
admin,/api/,GET,0.0,2026-02-23 14:13:44.695868
admin,/api/,GET,0.0,2026-02-23 14:13:44.944930
admin,/api/,GET,0.0,2026-02-23 14:13:45.178787
admin,/api/,GET,0.0,2026-02-23 14:13:45.422787
admin,/api/,GET,0.0,2026-02-23 14:13:45.683325
admin,/api/,GET,0.0,2026-02-23 14:13:45.952794
admin,/api/,GET,0.0,2026-02-23 14:13:46.815637
admin,/api/,GET,0.0,2026-02-23 14:13:47.403508
admin,/api/,GET,0.0,2026-02-23 14:13:47.947189
admin,/api/,GET,0.0,2026-02-23 14:13:48.544293
admin,/api/,GET,0.0,2026-02-23 14:13:49.099345
admin,/api/,GET,0.0,2026-02-23 14:13:49.718631
admin,/api/,GET,0.0,2026-02-23 14:13:50.296015
admin,/favicon.ico,GET,0.0,2026-02-23 14:13:50.356494
admin,/api/,GET,0.0,2026-02-23 14:13:50.871367
admin,/api/,GET,0.0,2026-02-23 14:13:51.417065
admin,/api/,GET,0.0,2026-02-23 14:13:51.933956
admin,/api/,GET,0.0,2026-02-23 14:13:52.567307
admin,/api/,GET,0.0,2026-02-23 14:13:53.155714
admin,/api/,GET,0.0,2026-02-23 14:13:53.791454
admin,/api/,GET,0.0,2026-02-23 14:13:54.418026
admin,/api/,GET,0.0,2026-02-23 14:13:55.017738
admin,/api/,GET,0.0,2026-02-23 14:13:55.612608
admin,/api/,GET,0.0,2026-02-23 14:13:56.173350
admin,/api/,GET,0.0,2026-02-23 14:13:56.770291
admin,/api/,GET,0.0,2026-02-23 14:13:57.348768
admin,/api/,GET,0.0,2026-02-23 14:13:57.893442
admin,/api/,GET,0.0,2026-02-23 14:13:58.560323
admin,/api/,GET,0.0,2026-02-23 14:14:00.841580
admin,/favicon.ico,GET,0.0,2026-02-23 14:14:00.913320
admin,/api/,GET,0.0,2026-02-23 14:14:01.445314
admin,/api/,GET,0.0,2026-02-23 14:14:02.024788
admin,/api/,GET,0.0,2026-02-23 14:14:02.542659
admin,/api/,GET,0.0,2026-02-23 14:14:03.103167
admin,/api/,GET,0.0,2026-02-23 14:14:03.665754
admin,/api/,GET,0.0,2026-02-23 14:14:04.178991
admin,/favicon.ico,GET,0.0,2026-02-23 14:14:04.265374
admin,/api/,GET,0.0,2026-02-23 14:14:04.780230
admin,/api/,GET,0.0,2026-02-23 14:14:05.306124
admin,/api/,GET,0.0,2026-02-23 14:14:06.027628
admin,/api/,GET,0.0,2026-02-23 14:14:06.545133
admin,/api/,GET,0.0,2026-02-23 14:14:07.178460
admin,/api/,GET,0.0,2026-02-23 14:14:07.839364
admin,/api/,GET,0.001,2026-02-23 14:14:08.299230
admin,/api/,GET,0.001,2026-02-23 14:14:08.599342
admin,/api/,GET,0.0,2026-02-23 14:14:09.102525
admin,/api/,GET,0.0,2026-02-23 14:14:09.532315
admin,/api/,GET,0.0,2026-02-23 14:14:10.109113
admin,/api/,GET,0.0,2026-02-23 14:14:10.346724
admin,/api/,GET,0.0,2026-02-23 14:14:10.583597
admin,/api/,GET,0.0,2026-02-23 14:14:10.753169
admin,/api/,GET,0.0,2026-02-23 14:14:10.994790
admin,/api/,GET,0.0,2026-02-23 14:14:11.384123
admin,/api/,GET,0.0,2026-02-23 14:14:11.757416
admin,/api/,GET,0.0,2026-02-23 14:14:12.135764
admin,/api/,GET,0.0,2026-02-23 14:14:12.517895
admin,/api/,GET,0.0,2026-02-23 14:14:12.699013
admin,/api/,GET,0.0,2026-02-23 14:14:12.897296
admin,/api/,GET,0.0,2026-02-23 14:14:13.089529
admin,/api/,GET,0.0,2026-02-23 14:14:13.309494
admin,/api/,GET,0.001,2026-02-23 14:14:13.699042
admin,/favicon.ico,GET,0.0,2026-02-23 14:14:13.770678
admin,/api/,GET,0.0,2026-02-23 14:14:14.068283
admin,/api/,GET,0.0,2026-02-23 14:14:14.250870
admin,/api/,GET,0.0,2026-02-23 14:14:14.470242
admin,/api/,GET,0.0,2026-02-23 14:14:14.883699
admin,/api/,GET,0.0,2026-02-23 14:14:15.132687
admin,/api/,GET,0.0,2026-02-23 14:14:15.552216
admin,/api/,GET,0.0,2026-02-23 14:14:15.913210
admin,/api/,GET,0.0,2026-02-23 14:14:16.124761
admin,/api/,GET,0.0,2026-02-23 14:14:16.579267
admin,/api/,GET,0.0,2026-02-23 14:14:16.962747
admin,/api/,GET,0.0,2026-02-23 14:14:17.185381
admin,/api/,GET,0.0,2026-02-23 14:14:17.401152
admin,/api/,GET,0.0,2026-02-23 14:14:17.606531
admin,/api/,GET,0.0,2026-02-23 14:14:17.813173
admin,/api/,GET,0.0,2026-02-23 14:14:18.016088
admin,/api/,GET,0.0,2026-02-23 14:14:18.203490
admin,/api/,GET,0.0,2026-02-23 14:14:18.431350
admin,/api/,GET,0.0,2026-02-23 14:14:18.638686
admin,/api/,GET,0.0,2026-02-23 14:14:18.853456
admin,/api/,GET,0.0,2026-02-23 14:14:19.057040
admin,/api/,GET,0.0,2026-02-23 14:14:19.282222
admin,/api/,GET,0.0,2026-02-23 14:14:19.483447
admin,/api/,GET,0.0,2026-02-23 14:14:19.721152
admin,/api/,GET,0.0,2026-02-23 14:14:20.146246
admin,/api/,GET,0.015,2026-02-23 14:14:20.394836
admin,/api/,GET,0.02,2026-02-23 14:14:20.846130
admin,/api/,GET,0.016,2026-02-23 14:14:32.998746
admin,/api/,GET,0.01,2026-02-23 14:14:33.164309
admin,/api/,GET,0.006,2026-02-23 14:14:33.317283
admin,/api/,GET,0.0,2026-02-23 14:14:33.459088
admin,/api/,GET,0.0,2026-02-23 14:14:33.622347
admin,/api/,GET,0.0,2026-02-23 14:14:33.782545
admin,/api/,GET,0.0,2026-02-23 14:14:33.957034
admin,/api/,GET,0.0,2026-02-23 14:14:34.122173
admin,/api/,GET,0.041,2026-02-23 14:15:00.888249
admin,/favicon.ico,GET,0.007,2026-02-23 14:15:01.014315
admin,/api/,GET,0.005,2026-02-23 14:15:01.177324
admin,/api/,GET,0.01,2026-02-23 14:15:01.457475
admin,/api/,GET,0.006,2026-02-23 14:15:01.765296
admin,/api/,GET,0.0,2026-02-23 14:15:02.138366
admin,/api/,GET,0.0,2026-02-23 14:15:02.315035
admin,/api/,GET,0.0,2026-02-23 14:15:02.517505
admin,/api/,GET,0.0,2026-02-23 14:15:02.824214
admin,/api/,GET,0.0,2026-02-23 14:15:03.148530
admin,/api/,GET,0.0,2026-02-23 14:15:03.361461
admin,/api/,GET,0.0,2026-02-23 14:15:03.616052
admin,/api/,GET,0.0,2026-02-23 14:15:03.893217
admin,/api/,GET,0.047,2026-02-23 14:19:41.405998
admin,/api/,GET,0.006,2026-02-23 14:19:41.767876
admin,/api/,GET,0.01,2026-02-23 14:19:42.131004
admin,/api/,GET,0.007,2026-02-23 14:19:42.397324
admin,/api/,GET,0.008,2026-02-23 14:19:42.896647
admin,/api/,GET,0.0,2026-02-23 14:19:43.184291
admin,/api/,GET,0.0,2026-02-23 14:19:43.359274
admin,/api/,GET,0.0,2026-02-23 14:19:43.516435
admin,/api/,GET,0.001,2026-02-23 14:19:44.142158
admin,/api/,GET,0.0,2026-02-23 14:19:44.665285
admin,/api/,GET,0.0,2026-02-23 14:19:45.127830
admin,/api/,GET,0.0,2026-02-23 14:19:45.559413
admin,/api/,GET,0.0,2026-02-23 14:19:46.003344
admin,/api/,GET,0.0,2026-02-23 14:19:46.534384
admin,/api/,GET,0.0,2026-02-23 14:19:47.298355
admin,/api/,GET,0.043,2026-02-23 14:20:08.198461
admin,/api/,GET,0.008,2026-02-23 14:20:09.090885
admin,/api/,GET,0.014,2026-02-23 14:20:09.446248
admin,/api/,GET,0.011,2026-02-23 14:20:09.776296
admin,/api/,GET,0.011,2026-02-23 14:20:10.160322
admin,/api/,GET,0.0,2026-02-23 14:20:10.505259
admin,/api/,GET,0.0,2026-02-23 14:20:10.870715
admin,/api/,GET,0.0,2026-02-23 14:20:11.585340
admin,/api/,GET,0.0,2026-02-23 14:20:12.145011
admin,/api/,GET,0.0,2026-02-23 14:20:12.461649
admin,/api/,GET,0.0,2026-02-23 14:20:12.846314
admin,/api/,GET,0.0,2026-02-23 14:20:13.250382
admin,/api/,GET,0.0,2026-02-23 14:20:13.514191
admin,/api/,GET,0.0,2026-02-23 14:20:13.800764
admin,/api/,GET,0.0,2026-02-23 14:20:14.324211
admin,/api/,GET,0.0,2026-02-23 14:20:14.588816
admin,/api/,GET,0.0,2026-02-23 14:20:14.832092
admin,/api/,GET,0.0,2026-02-23 14:20:15.115256
admin,/api/,GET,0.0,2026-02-23 14:20:15.417329
admin,/api/,GET,0.0,2026-02-23 14:20:15.610413
admin,/api/,GET,0.0,2026-02-23 14:20:15.866376
admin,/api/,GET,0.0,2026-02-23 14:20:16.286349
admin,/api/,GET,0.0,2026-02-23 14:20:16.557601
admin,/api/,GET,0.0,2026-02-23 14:20:16.812672
admin,/api/,GET,0.0,2026-02-23 14:20:17.054836
admin,/api/,GET,0.0,2026-02-23 14:20:17.355886
admin,/api/,GET,0.0,2026-02-23 14:20:17.601353
admin,/api/,GET,0.0,2026-02-23 14:20:17.919157
admin,/api/,GET,0.0,2026-02-23 14:20:18.147716
admin,/api/,GET,0.0,2026-02-23 14:20:18.404065
admin,/api/,GET,0.0,2026-02-23 14:20:18.677976
admin,/api/,GET,0.0,2026-02-23 14:20:18.895325
admin,/api/,GET,0.0,2026-02-23 14:20:19.138255
admin,/api/,GET,0.0,2026-02-23 14:20:19.366684
admin,/api/,GET,0.0,2026-02-23 14:20:19.635359
admin,/api/,GET,0.0,2026-02-23 14:20:20.088059
admin,/api/,GET,0.0,2026-02-23 14:20:20.520860
admin,/api/,GET,0.0,2026-02-23 14:20:20.733636
admin,/api/,GET,0.0,2026-02-23 14:20:20.973515
admin,/api/,GET,0.0,2026-02-23 14:20:21.217404
admin,/api/,GET,0.0,2026-02-23 14:20:21.446138
admin,/api/,GET,0.0,2026-02-23 14:20:21.678887
admin,/api/,GET,0.0,2026-02-23 14:20:21.953049
admin,/api/,GET,0.0,2026-02-23 14:20:22.163470
admin,/api/,GET,0.0,2026-02-23 14:20:22.405764
admin,/api/,GET,0.0,2026-02-23 14:20:22.637604
admin,/api/,GET,0.0,2026-02-23 14:20:22.919649
admin,/api/,GET,0.0,2026-02-23 14:20:23.379790
admin,/api/,GET,0.0,2026-02-23 14:20:23.655595
admin,/api/,GET,0.0,2026-02-23 14:20:23.889221
admin,/api/,GET,0.0,2026-02-23 14:20:24.179082
admin,/api/,GET,0.0,2026-02-23 14:20:24.437824
admin,/api/,GET,0.001,2026-02-23 14:20:24.709981
admin,/api/,GET,0.0,2026-02-23 14:20:24.958151
admin,/api/,GET,0.0,2026-02-23 14:20:25.217079
admin,/api/,GET,0.0,2026-02-23 14:20:25.424393
admin,/api/,GET,0.0,2026-02-23 14:20:25.707849
admin,/api/,GET,0.0,2026-02-23 14:20:25.930413
admin,/api/,GET,0.0,2026-02-23 14:20:26.134916
admin,/api/,GET,0.0,2026-02-23 14:20:28.070132
admin,/api/,GET,0.0,2026-02-23 14:20:31.137629
admin,/api/,GET,0.0,2026-02-23 14:20:33.557483
admin,/api/,GET,0.0,2026-02-23 14:20:35.002584
admin,/api/,GET,0.0,2026-02-23 14:20:36.207117
admin,/api/,GET,0.0,2026-02-23 14:20:37.123808
admin,/api/,GET,0.0,2026-02-23 14:20:38.106329
admin,/api/,GET,0.0,2026-02-23 14:20:39.115786
admin,/api/,GET,0.0,2026-02-23 14:20:40.158832
admin,/api/,GET,0.001,2026-02-23 14:20:40.792358
admin,/api/,GET,0.0,2026-02-23 14:20:41.617379
admin,/api/,GET,0.0,2026-02-23 14:20:41.819709
admin,/api/,GET,0.0,2026-02-23 14:20:41.999106
admin,/api/,GET,0.0,2026-02-23 14:20:42.358603
admin,/api/,GET,0.0,2026-02-23 14:20:42.695405
admin,/api/,GET,0.0,2026-02-23 14:20:43.009104
admin,/api/,GET,0.0,2026-02-23 14:20:43.354200
admin,/api/,GET,0.0,2026-02-23 14:20:43.507673
admin,/api/,GET,0.0,2026-02-23 14:20:43.690572
admin,/api/,GET,0.0,2026-02-23 14:20:43.860704
admin,/api/,GET,0.0,2026-02-23 14:20:44.041429
admin,/api/,GET,0.0,2026-02-23 14:20:44.212048
admin,/api/,GET,0.0,2026-02-23 14:20:44.406552
admin,/api/,GET,0.0,2026-02-23 14:20:44.801586
admin,/api/,GET,0.0,2026-02-23 14:20:45.169824
admin,/api/,GET,0.0,2026-02-23 14:20:45.385450
admin,/api/,GET,0.0,2026-02-23 14:20:46.589471
admin,/api/,GET,0.0,2026-02-23 14:20:47.011187
admin,/api/,GET,0.0,2026-02-23 14:20:47.236459
admin,/api/,GET,0.0,2026-02-23 14:20:47.621310
admin,/api/,GET,0.0,2026-02-23 14:20:48.122525
admin,/api/,GET,0.0,2026-02-23 14:20:48.356286
admin,/api/,GET,0.0,2026-02-23 14:20:48.621623
admin,/api/,GET,0.0,2026-02-23 14:20:49.107097
admin,/api/,GET,0.0,2026-02-23 14:20:49.315102
admin,/api/,GET,0.0,2026-02-23 14:20:49.756625
admin,/api/,GET,0.0,2026-02-23 14:20:49.989398
admin,/api/,GET,0.0,2026-02-23 14:20:50.196720
admin,/api/,GET,0.0,2026-02-23 14:20:50.413358
admin,/api/,GET,0.0,2026-02-23 14:20:50.602992
admin,/api/,GET,0.0,2026-02-23 14:20:50.821135
admin,/api/,GET,0.0,2026-02-23 14:20:51.202496
admin,/api/,GET,0.0,2026-02-23 14:20:51.597987
admin,/api/,GET,0.0,2026-02-23 14:20:51.812605
admin,/api/,GET,0.0,2026-02-23 14:20:52.011474
admin,/api/,GET,0.0,2026-02-23 14:20:52.394113
admin,/api/,GET,0.0,2026-02-23 14:20:52.746670
admin,/api/,GET,0.0,2026-02-23 14:20:53.134344
admin,/api/,GET,0.0,2026-02-23 14:20:53.487267
admin,/api/,GET,0.0,2026-02-23 14:20:53.683612
admin,/api/,GET,0.0,2026-02-23 14:20:53.889622
admin,/api/,GET,0.0,2026-02-23 14:20:54.258577
admin,/api/,GET,0.0,2026-02-23 14:20:54.449306
admin,/api/,GET,0.0,2026-02-23 14:20:56.381540
admin,/api/,GET,0.0,2026-02-23 14:20:57.210380
admin,/api/,GET,0.0,2026-02-23 14:20:57.964284
admin,/api/,GET,0.0,2026-02-23 14:20:58.769491
admin,/api/,GET,0.0,2026-02-23 14:20:59.861994
admin,/api/,GET,0.0,2026-02-23 14:21:00.501531
admin,/api/,GET,0.0,2026-02-23 14:21:01.169043
admin,/api/,GET,0.0,2026-02-23 14:21:01.830281
admin,/api/,GET,0.0,2026-02-23 14:21:02.470901
admin,/api/,GET,0.0,2026-02-23 14:21:02.973457
admin,/api/,GET,0.0,2026-02-23 14:21:03.505706
admin,/api/,GET,0.001,2026-02-23 14:21:03.959340
admin,/api/,GET,0.0,2026-02-23 14:21:04.506813
admin,/api/,GET,0.0,2026-02-23 14:21:05.393348
admin,/api/,GET,0.0,2026-02-23 14:21:06.133862
admin,/api/,GET,0.0,2026-02-23 14:21:06.783471
admin,/api/,GET,0.0,2026-02-23 14:21:07.177742
admin,/api/,GET,0.0,2026-02-23 14:21:07.658647
admin,/api/,GET,0.012,2026-02-23 14:21:08.363530
admin,/api/,GET,0.043,2026-02-23 14:21:38.206512
admin,/api/,GET,0.009,2026-02-23 14:21:39.042091
admin,/api/,GET,0.008,2026-02-23 14:21:39.213471
admin,/api/,GET,0.014,2026-02-23 14:21:39.407509
admin,/api/,GET,0.018,2026-02-23 14:21:39.778009
admin,/api/,GET,0.0,2026-02-23 14:21:40.065614
admin,/api/,GET,0.0,2026-02-23 14:21:40.412843
admin,/api/,GET,0.0,2026-02-23 14:21:40.576031
admin,/api/,GET,0.001,2026-02-23 14:21:41.147432
admin,/api/,GET,0.0,2026-02-23 14:21:41.401126
admin,/api/,GET,0.0,2026-02-23 14:21:41.849902
admin,/api/,GET,0.0,2026-02-23 14:21:42.076284
admin,/api/,GET,0.0,2026-02-23 14:21:42.248429
admin,/api/,GET,0.0,2026-02-23 14:21:42.760591
admin,/api/,GET,0.001,2026-02-23 14:21:43.139134
admin,/api/,GET,0.0,2026-02-23 14:21:43.285381
admin,/api/,GET,0.0,2026-02-23 14:21:47.320557
admin,/api/,GET,0.0,2026-02-23 14:21:48.781775
admin,/api/,GET,0.0,2026-02-23 14:21:50.718116
admin,/api/,GET,0.039,2026-02-23 14:22:02.338425
admin,/api/,GET,0.01,2026-02-23 14:22:03.174579
admin,/api/,GET,0.01,2026-02-23 14:22:03.561027
admin,/api/,GET,0.009,2026-02-23 14:22:03.975786
admin,/api/,GET,0.012,2026-02-23 14:22:04.390804
admin,/api/,GET,0.001,2026-02-23 14:22:04.807558
admin,/api/,GET,0.001,2026-02-23 14:22:05.042274
admin,/api/,GET,0.0,2026-02-23 14:22:05.647627
admin,/api/,GET,0.0,2026-02-23 14:22:06.027169
admin,/api/,GET,0.0,2026-02-23 14:22:06.294069
admin,/api/,GET,0.0,2026-02-23 14:22:06.568409
admin,/api/,GET,0.0,2026-02-23 14:22:06.883677
admin,/api/,GET,0.0,2026-02-23 14:22:07.145306
admin,/api/,GET,0.0,2026-02-23 14:22:07.371106
admin,/api/,GET,0.0,2026-02-23 14:22:07.571232
admin,/api/,GET,0.0,2026-02-23 14:22:07.825055
admin,/api/,GET,0.0,2026-02-23 14:22:08.086563
admin,/api/,GET,0.0,2026-02-23 14:22:12.367662
admin,/api/,GET,0.0,2026-02-23 14:22:13.208677
admin,/api/,GET,0.0,2026-02-23 14:22:14.133516
admin,/api/,GET,0.001,2026-02-23 14:22:14.763277
admin,/api/,GET,0.0,2026-02-23 14:22:15.289426
admin,/api/,GET,0.0,2026-02-23 14:22:15.840778
admin,/api/,GET,0.0,2026-02-23 14:22:16.346550
admin,/api/,GET,0.0,2026-02-23 14:22:17.016317
admin,/api/,GET,0.0,2026-02-23 14:22:17.498886
admin,/api/,GET,0.0,2026-02-23 14:22:18.251882
admin,/api/,GET,0.0,2026-02-23 14:22:18.810767
admin,/api/,GET,0.0,2026-02-23 14:22:19.377686
admin,/api/,GET,0.0,2026-02-23 14:22:19.918132
admin,/api/,GET,0.0,2026-02-23 14:22:20.569865
admin,/api/,GET,0.0,2026-02-23 14:22:21.349454
admin,/api/,GET,0.0,2026-02-23 14:22:21.985681
admin,/api/,GET,0.0,2026-02-23 14:22:22.694203
admin,/api/,GET,0.0,2026-02-23 14:22:23.489713
admin,/api/,GET,0.0,2026-02-23 14:22:24.278011
admin,/api/,GET,0.0,2026-02-23 14:22:25.325261
admin,/api/,GET,0.0,2026-02-23 14:22:26.060733
admin,/api/,GET,0.0,2026-02-23 14:22:26.662018
admin,/api/,GET,0.0,2026-02-23 14:22:27.301605
admin,/api/,GET,0.0,2026-02-23 14:22:27.878471
admin,/api/,GET,0.0,2026-02-23 14:22:28.511964
admin,/api/,GET,0.0,2026-02-23 14:22:29.046116
admin,/api/,GET,0.0,2026-02-23 14:22:29.690628
admin,/api/,GET,0.0,2026-02-23 14:22:30.241720
admin,/api/,GET,0.0,2026-02-23 14:22:35.449370
admin,/api/,GET,0.0,2026-02-23 14:22:36.040994
admin,/api/,GET,0.0,2026-02-23 14:22:36.739808
admin,/api/,GET,0.0,2026-02-23 14:22:37.332341
admin,/api/,GET,0.0,2026-02-23 14:22:38.335548
admin,/api/,GET,0.0,2026-02-23 14:22:39.426711
admin,/api/,GET,0.001,2026-02-23 14:22:39.952158
admin,/api/,GET,0.0,2026-02-23 14:22:40.470187
admin,/api/,GET,0.0,2026-02-23 14:22:40.971201
admin,/api/,GET,0.0,2026-02-23 14:22:41.667761
admin,/api/,GET,0.0,2026-02-23 14:22:42.260690
admin,/api/,GET,0.0,2026-02-23 14:22:42.743114
admin,/api/,GET,0.0,2026-02-23 14:22:43.374860
admin,/api/,GET,0.0,2026-02-23 14:22:43.895897
admin,/api/,GET,0.0,2026-02-23 14:22:44.564503
admin,/api/,GET,0.0,2026-02-23 14:22:45.204953
admin,/api/,GET,0.0,2026-02-23 14:22:45.792698
admin,/api/,GET,0.0,2026-02-23 14:22:46.474725
admin,/api/,GET,0.0,2026-02-23 14:22:47.025308
admin,/api/,GET,0.0,2026-02-23 14:22:47.603792
admin,/api/,GET,0.0,2026-02-23 14:22:48.234999
admin,/api/,GET,0.0,2026-02-23 14:22:48.814643
admin,/api/,GET,0.0,2026-02-23 14:22:49.458648
admin,/api/,GET,0.0,2026-02-23 14:22:50.010918
admin,/api/,GET,0.0,2026-02-23 14:22:50.629576
admin,/api/,GET,0.0,2026-02-23 14:22:51.204846
admin,/api/,GET,0.0,2026-02-23 14:22:51.759316
admin,/api/,GET,0.0,2026-02-23 14:22:52.327925
admin,/api/,GET,0.0,2026-02-23 14:22:52.899836
admin,/api/,GET,0.0,2026-02-23 14:22:53.396149
admin,/api/,GET,0.0,2026-02-23 14:22:54.056708
admin,/api/,GET,0.0,2026-02-23 14:22:54.766804
admin,/api/,GET,0.0,2026-02-23 14:22:55.395650
admin,/api/,GET,0.0,2026-02-23 14:22:55.996337
admin,/api/,GET,0.0,2026-02-23 14:22:56.460203
admin,/api/,GET,0.0,2026-02-23 14:22:57.095360
admin,/api/,GET,0.0,2026-02-23 14:22:57.733638
admin,/api/,GET,0.0,2026-02-23 14:22:58.859751
admin,/api/,GET,0.0,2026-02-23 14:22:59.434494
admin,/api/,GET,0.0,2026-02-23 14:22:59.952374
admin,/api/,GET,0.0,2026-02-23 14:23:00.496760
admin,/api/,GET,0.0,2026-02-23 14:23:01.081116
admin,/api/,GET,0.0,2026-02-23 14:23:01.679417
admin,/api/,GET,0.001,2026-02-23 14:23:02.252367
admin,/api/,GET,0.036,2026-02-23 14:23:02.837595
admin,/api/,GET,0.053,2026-02-23 14:23:38.600093
admin,/api/,GET,0.007,2026-02-23 14:23:39.460379
admin,/api/,GET,0.012,2026-02-23 14:23:39.775294
admin,/api/,GET,0.013,2026-02-23 14:23:40.126508
admin,/api/,GET,0.013,2026-02-23 14:23:40.406565
admin,/api/,GET,0.065,2026-02-23 14:23:40.793335
admin,/api/,GET,0.03,2026-02-23 14:23:41.075362
admin,/api/,GET,0.042,2026-02-23 14:23:41.489275
admin,/api/,GET,0.047,2026-02-23 14:23:57.010783
admin,/api/,GET,0.009,2026-02-23 14:23:57.873229
admin,/api/,GET,0.009,2026-02-23 14:23:58.156541
admin,/api/,GET,0.01,2026-02-23 14:23:58.611446
admin,/api/,GET,0.011,2026-02-23 14:23:58.980285
admin,/api/,GET,0.0,2026-02-23 14:23:59.332329
admin,/api/,GET,0.0,2026-02-23 14:23:59.675818
admin,/api/,GET,0.0,2026-02-23 14:23:59.855961
admin,/api/,GET,0.0,2026-02-23 14:24:00.141238
admin,/api/,GET,0.0,2026-02-23 14:24:00.563750
admin,/api/,GET,0.0,2026-02-23 14:24:00.802259
admin,/api/,GET,0.0,2026-02-23 14:24:01.250754
admin,/api/,GET,0.0,2026-02-23 14:24:01.467205
admin,/api/,GET,0.0,2026-02-23 14:24:01.666780
admin,/api/,GET,0.0,2026-02-23 14:24:01.897039
admin,/api/,GET,0.0,2026-02-23 14:24:02.092395
admin,/api/,GET,0.0,2026-02-23 14:24:02.328985
admin,/api/,GET,0.0,2026-02-23 14:24:02.669361
admin,/api/,GET,0.0,2026-02-23 14:24:03.038720
admin,/api/,GET,0.0,2026-02-23 14:24:03.206572
admin,/api/,GET,0.0,2026-02-23 14:24:03.374713
admin,/api/,GET,0.0,2026-02-23 14:24:03.555506
admin,/api/,GET,0.0,2026-02-23 14:24:03.745086
admin,/api/,GET,0.0,2026-02-23 14:24:03.966389
admin,/api/,GET,0.0,2026-02-23 14:24:04.349529
admin,/api/,GET,0.0,2026-02-23 14:24:07.671088
admin,/api/,GET,0.0,2026-02-23 14:24:08.324674
admin,/api/,GET,0.001,2026-02-23 14:24:08.846195
admin,/api/,GET,0.0,2026-02-23 14:24:09.578047
admin,/api/,GET,0.0,2026-02-23 14:24:10.106108
admin,/api/,GET,0.0,2026-02-23 14:24:10.653869
admin,/api/,GET,0.0,2026-02-23 14:24:10.913983
admin,/api/,GET,0.04,2026-02-23 14:24:29.175127
admin,/api/,GET,0.006,2026-02-23 14:24:30.237221
admin,/api/,GET,0.009,2026-02-23 14:24:31.498640
admin,/api/,GET,0.006,2026-02-23 14:24:31.837720
admin,/api/,GET,0.012,2026-02-23 14:24:32.217332
admin,/api/,GET,0.0,2026-02-23 14:24:32.503996
admin,/api/,GET,0.0,2026-02-23 14:24:32.790854
admin,/api/,GET,0.0,2026-02-23 14:24:32.976758
admin,/api/,GET,0.0,2026-02-23 14:24:33.165648
admin,/api/,GET,0.0,2026-02-23 14:24:33.335491
admin,/api/,GET,0.0,2026-02-23 14:24:33.491837
admin,/api/,GET,0.0,2026-02-23 14:24:33.808500
admin,/api/,GET,0.04,2026-02-23 14:25:22.322758
admin,/api/,GET,0.009,2026-02-23 14:25:22.950616
admin,/api/,GET,0.009,2026-02-23 14:25:23.273635
admin,/api/,GET,0.012,2026-02-23 14:25:23.577572
admin,/api/,GET,0.011,2026-02-23 14:25:23.898712
admin,/api/,GET,0.0,2026-02-23 14:25:24.215511
admin,/api/,GET,0.0,2026-02-23 14:25:24.370888
admin,/api/,GET,0.0,2026-02-23 14:25:24.518158
admin,/api/,GET,0.0,2026-02-23 14:25:24.701637
admin,/api/,GET,0.0,2026-02-23 14:25:24.949772
admin,/api/,GET,0.001,2026-02-23 14:25:25.410318
admin,/api/,GET,0.0,2026-02-23 14:25:25.686602
admin,/api/,GET,0.0,2026-02-23 14:25:25.924553
admin,/api/,GET,0.0,2026-02-23 14:25:26.323991
admin,/api/,GET,0.0,2026-02-23 14:25:27.509755
admin,/api/,GET,0.0,2026-02-23 14:25:28.252726
admin,/api/,GET,0.0,2026-02-23 14:25:28.608348
admin,/api/,GET,0.0,2026-02-23 14:25:28.848451
admin,/api/,GET,0.0,2026-02-23 14:25:29.173812
admin,/api/,GET,0.0,2026-02-23 14:25:29.530697
admin,/api/,GET,0.039,2026-02-23 14:26:38.011954
admin,/api/products/,GET,0.081,2026-02-23 14:27:11.702463
admin,/api/products/,GET,0.078,2026-02-23 14:27:13.229155
admin,/api/products/,GET,0.037,2026-02-23 14:27:14.134807
admin,/api/products/,GET,0.041,2026-02-23 14:27:14.993812
admin,/api/products/,GET,0.0,2026-02-23 14:27:15.382430
admin,/api/products/,GET,0.0,2026-02-23 14:27:15.730664
admin,/api/products/,GET,0.0,2026-02-23 14:27:17.906416
admin,/api/products/,GET,0.0,2026-02-23 14:27:22.295617
admin,/api/products/,GET,0.0,2026-02-23 14:27:24.240726
admin,/api/products/,GET,0.0,2026-02-23 14:27:25.130922
admin,/api/products/,GET,0.0,2026-02-23 14:27:25.812983
admin,/api/products/,GET,0.0,2026-02-23 14:27:26.476444
admin,/api/products/,GET,0.0,2026-02-23 14:27:27.028410
admin,/api/products/,GET,0.0,2026-02-23 14:27:27.485952
admin,/api/products/,GET,0.0,2026-02-23 14:27:27.855576
admin,/api/products/,GET,0.0,2026-02-23 14:27:28.224730
admin,/api/products/,GET,0.0,2026-02-23 14:27:28.432363
admin,/api/products/,GET,0.096,2026-02-23 14:27:42.872155
admin,/api/products/?page=2,GET,0.0,2026-02-23 14:28:09.976030
admin,/api/products/?page=2,GET,0.049,2026-02-23 14:28:12.074412
admin,/api/products/?page=2,GET,0.0,2026-02-23 14:28:13.026567
admin,/api/products/?page=2,GET,0.044,2026-02-23 14:28:13.219768
admin,/api/products/?page=2,GET,0.0,2026-02-23 14:28:13.561459
admin,/api/products/?page=2,GET,0.0,2026-02-23 14:28:13.796065
admin,/api/products/?page=2,GET,0.0,2026-02-23 14:28:14.023469
admin,/api/products/?page=2,GET,0.072,2026-02-23 14:28:14.334421
admin,/api/products/?page=2,GET,0.0,2026-02-23 14:28:14.592527
admin,/api/products/?page=2,GET,0.056,2026-02-23 14:28:15.268238
admin,/api/products/?page=2,GET,0.0,2026-02-23 14:28:16.253252
admin,/api/products/?page=2,GET,0.0,2026-02-23 14:28:16.507883
admin,/api/,GET,0.0,2026-02-23 14:28:22.506836
admin,/api/,GET,0.0,2026-02-23 14:28:24.409338
admin,/api/,GET,0.0,2026-02-23 14:28:25.114659
admin,/api/,GET,0.0,2026-02-23 14:28:25.382268
admin,/api/,GET,0.0,2026-02-23 14:28:25.639026
admin,/api/,GET,0.0,2026-02-23 14:28:27.214961
admin,/api/,GET,0.04,2026-02-23 14:28:39.854862
admin,/api/,GET,0.007,2026-02-23 14:28:45.915293
admin,/api/,GET,0.009,2026-02-23 14:28:46.235929
admin,/api/,GET,0.009,2026-02-23 14:28:46.582292
admin,/api/,GET,0.012,2026-02-23 14:28:46.939945
admin,/api/,GET,0.0,2026-02-23 14:28:47.823922
admin,/api/,GET,0.0,2026-02-23 14:28:53.524133
admin,/api/,GET,0.0,2026-02-23 14:29:04.117797
admin,/api/,GET,0.0,2026-02-23 14:29:10.770443
admin,/api/,GET,0.0,2026-02-23 14:29:14.790309
admin,/api/,GET,0.0,2026-02-23 14:29:16.318673
admin,/api/,GET,0.0,2026-02-23 14:29:17.022118
admin,/api/,GET,0.001,2026-02-23 14:29:17.555110
admin,/api/,GET,0.0,2026-02-23 14:29:18.054416
admin,/api/,GET,0.0,2026-02-23 14:29:19.254659
admin,/api/,GET,0.0,2026-02-23 14:29:21.822791
admin,/api/,GET,0.0,2026-02-23 14:29:24.026403
admin,/api/,GET,0.0,2026-02-23 14:29:31.488536
admin,/api/,GET,0.0,2026-02-23 14:29:32.484886
admin,/api/,GET,0.0,2026-02-23 14:29:33.354567
admin,/api/,GET,0.0,2026-02-23 14:29:34.275083
admin,/api/,GET,0.0,2026-02-23 14:29:35.025036
admin,/api/,GET,0.0,2026-02-23 14:29:35.644689
admin,/api/,GET,0.0,2026-02-23 14:29:36.172373
admin,/api/,GET,0.0,2026-02-23 14:29:37.620166
admin,/api/,GET,0.0,2026-02-23 14:29:38.883408
admin,/api/,GET,0.02,2026-02-23 14:29:39.852187
AnonymousUser,/api/,GET,0.047,2026-02-28 17:25:50.156250
AnonymousUser,/favicon.ico,GET,0.017,2026-02-28 17:25:50.513679
AnonymousUser,/register,GET,0.013,2026-02-28 17:26:00.984951
AnonymousUser,/register/,GET,0.092,2026-02-28 17:26:01.086141
AnonymousUser,/api-auth/login/?next=/register/,GET,0.011,2026-02-28 17:26:28.622166
AnonymousUser,/api-auth/login/,POST,0.0,2026-02-28 17:26:34.786427
AnonymousUser,/api-auth/login/,GET,0.0,2026-02-28 17:26:41.341173
AnonymousUser,/api-auth/login/,GET,0.0,2026-02-28 17:26:45.597703
AnonymousUser,/api-auth/login/,GET,0.0,2026-02-28 17:26:46.734124
AnonymousUser,/api-auth/login/,GET,0.081,2026-02-28 17:28:06.762636
admin,/api-auth/login/,POST,0.769,2026-02-28 17:28:14.947226
admin,/api/users/me/profile/,GET,0.0,2026-02-28 17:28:14.966582
admin,/favicon.ico,GET,0.006,2026-02-28 17:28:15.145987
admin,/api/users/me/profile/,GET,0.046,2026-02-28 17:29:57.012232
admin,/api/users/me/profile/,GET,0.007,2026-02-28 17:30:02.327001
admin,/api/users/me/profile/,GET,0.024,2026-02-28 17:30:07.441247
admin,/api/users/me/profile/,GET,0.009,2026-02-28 17:30:11.350052
admin,/api/users/me/profile/,GET,0.014,2026-02-28 17:30:12.363955
admin,/api/users/me/profile/,OPTIONS,0.0,2026-02-28 17:30:16.447615
admin,/api/users/me/profile/,GET,0.0,2026-02-28 17:30:21.165350
admin,/api/users/me/profile/,GET,0.0,2026-02-28 17:30:21.800298
admin,/api/users/me/profile/,GET,0.0,2026-02-28 17:30:22.584817
admin,/api-auth/login/,GET,0.0,2026-02-28 17:30:23.818126
admin,/api-auth/login/?next=/register/,GET,0.0,2026-02-28 17:30:25.221900
admin,/api-auth/login/?next=/register/,GET,0.04,2026-02-28 17:30:52.975787
admin,/api-auth/login/,POST,0.754,2026-02-28 17:30:56.707565
admin,/register/,GET,0.027,2026-02-28 17:30:56.751123
admin,/favicon.ico,GET,0.005,2026-02-28 17:30:56.916222
admin,/api/,GET,0.022,2026-02-28 17:31:13.038048
admin,/api/users/,GET,0.0,2026-02-28 17:31:17.908659
admin,/api/users/,GET,0.21,2026-02-28 17:32:10.618843
admin,/api/users/,GET,0.01,2026-02-28 17:32:18.967769
admin,/api/users/1/,GET,0.018,2026-02-28 17:32:29.085301
admin,/api/users/1/profile/,GET,0.057,2026-02-28 17:32:32.508357
admin,/api/,GET,0.103,2026-03-04 10:44:43.896556
admin,/favicon.ico,GET,0.026,2026-03-04 10:44:44.476133
admin,/api/products/,GET,0.151,2026-03-04 10:44:47.933135
admin,/api/products/,GET,0.044,2026-03-04 10:44:57.587774
admin,/admin/,GET,0.051,2026-03-04 10:45:29.787434
AnonymousUser,/admin/logout/,POST,0.031,2026-03-04 10:45:37.842675
AnonymousUser,/api/products/,GET,0.045,2026-03-04 10:45:42.402170
AnonymousUser,/api-auth/login/?next=/api/products/,GET,0.009,2026-03-04 10:45:51.371946
AnonymousUser,/api-auth/login/,POST,0.767,2026-03-04 10:46:00.135405
AnonymousUser,/api-auth/login/,POST,0.764,2026-03-04 10:46:26.828007
AnonymousUser,/api-auth/login/,POST,0.767,2026-03-04 10:46:49.473382
AnonymousUser,/admin/,GET,0.001,2026-03-04 10:46:58.431434
AnonymousUser,/admin/login/?next=/admin/,GET,0.025,2026-03-04 10:46:58.465342
admin,/admin/login/?next=/admin/,POST,0.78,2026-03-04 10:47:00.966474
admin,/admin/,GET,0.012,2026-03-04 10:47:00.999403
admin,/admin/commerce/user/152/change/,GET,0.141,2026-03-04 10:47:04.322792
admin,/admin/jsi18n/,GET,0.055,2026-03-04 10:47:04.422739
AnonymousUser,/admin/logout/,POST,0.05,2026-03-04 10:47:13.621700
AnonymousUser,/,GET,0.066,2026-03-04 10:47:29.777276
AnonymousUser,/api/,GET,0.013,2026-03-04 10:47:34.611415
AnonymousUser,/api-auth/login/?next=/api/,GET,0.004,2026-03-04 10:47:37.122755
AnonymousUser,/api-auth/login/,POST,0.756,2026-03-04 10:47:45.103790
AnonymousUser,/api-auth/register,GET,0.011,2026-03-04 10:47:58.527453
AnonymousUser,/api/register,GET,0.01,2026-03-04 10:48:05.850443
AnonymousUser,/register,GET,0.008,2026-03-04 10:48:11.517669
AnonymousUser,/register/,GET,0.01,2026-03-04 10:48:11.533378
AnonymousUser,/register/,POST,0.023,2026-03-04 10:48:26.413299
AnonymousUser,/register/,POST,0.784,2026-03-04 10:48:53.735443
AnonymousUser,/api-auth/login/?next=/register/,GET,0.002,2026-03-04 10:48:59.017011
AnonymousUser,/api-auth/login/?next=/register/,GET,0.002,2026-03-04 10:49:05.289705
userx,/api-auth/login/,POST,0.792,2026-03-04 10:49:12.826439
userx,/register/,GET,0.011,2026-03-04 10:49:12.856950
userx,/admin/,GET,0.004,2026-03-04 10:49:28.336789
userx,/admin/login/?next=/admin/,GET,0.01,2026-03-04 10:49:28.362630
AnonymousUser,/api-auth/logout/?next=/register/,POST,0.028,2026-03-04 10:49:42.338240
AnonymousUser,/register/,GET,0.016,2026-03-04 10:49:42.365090
AnonymousUser,/api/,GET,0.017,2026-03-04 10:49:57.493076
AnonymousUser,/api/products/,GET,0.02,2026-03-04 10:50:04.594055
AnonymousUser,/admin/login/?next=/admin/,POST,0.76,2026-03-04 10:50:14.358304
AnonymousUser,/admin/login/?next=/admin/,POST,0.785,2026-03-04 10:50:47.576482
AnonymousUser,/admin/login/?next=/admin/,POST,0.746,2026-03-04 10:50:59.480139
AnonymousUser,/admin/login/?next=/admin/,POST,0.032,2026-03-04 10:51:19.832445
AnonymousUser,/admin/login/?next=/admin/,POST,0.0,2026-03-04 10:52:10.814105
AnonymousUser,/favicon.ico,GET,0.019,2026-03-04 10:52:10.925671
AnonymousUser,/admin/login/,GET,0.0,2026-03-04 10:52:21.635850
AnonymousUser,/favicon.ico,GET,0.032,2026-03-04 10:52:21.757290
AnonymousUser,/admin/,GET,0.0,2026-03-04 10:52:25.232476
AnonymousUser,/favicon.ico,GET,0.013,2026-03-04 10:52:25.369454
AnonymousUser,/admin/,GET,0.0,2026-03-04 10:52:29.613791
AnonymousUser,/favicon.ico,GET,0.012,2026-03-04 10:52:29.737385
AnonymousUser,/admin/,GET,0.0,2026-03-04 10:52:35.366958
AnonymousUser,/favicon.ico,GET,0.022,2026-03-04 10:52:35.496052
AnonymousUser,/admin/,GET,0.03,2026-03-04 10:53:16.085081
AnonymousUser,/admin/login/?next=/admin/,GET,0.028,2026-03-04 10:53:16.119758
AnonymousUser,/admin/login/?next=/admin/,POST,0.001,2026-03-04 10:53:33.276789
AnonymousUser,/favicon.ico,GET,0.029,2026-03-04 10:53:33.426304
AnonymousUser,/api/,GET,0.061,2026-03-04 10:53:51.855662
AnonymousUser,/admin/,GET,0.0,2026-03-04 10:53:58.143004
AnonymousUser,/favicon.ico,GET,0.012,2026-03-04 10:53:58.217608
AnonymousUser,/admin/,GET,0.038,2026-03-04 10:55:07.601670
AnonymousUser,/admin/login/?next=/admin/,GET,0.032,2026-03-04 10:55:07.643732
AnonymousUser,/admin/login/?next=/admin/,POST,0.0,2026-03-04 10:55:19.562734
AnonymousUser,/favicon.ico,GET,0.016,2026-03-04 10:55:19.639036
AnonymousUser,/admin/login/?next=/admin/,GET,0.0,2026-03-04 10:55:27.016315
AnonymousUser,/favicon.ico,GET,0.028,2026-03-04 10:55:27.148128
AnonymousUser,/api-auth/login/?next=/api/products/,GET,0.057,2026-03-04 10:55:49.482870
admin,/api-auth/login/,POST,0.771,2026-03-04 10:55:53.448944
admin,/api/products/,GET,0.057,2026-03-04 10:55:53.523750
admin,/admin/login/?next=/admin/,GET,0.045,2026-03-04 10:55:56.752819
admin,/admin/,GET,0.047,2026-03-04 10:56:46.479326
admin,/admin/,GET,0.05,2026-03-04 10:57:36.253181
admin,/admin/,GET,0.044,2026-03-04 10:57:37.977110
admin,/admin/,GET,0.064,2026-03-04 10:58:10.687169
AnonymousUser,/admin/logout/,POST,0.026,2026-03-04 10:58:20.976353
AnonymousUser,/api/products/,GET,0.079,2026-03-04 10:58:24.497274
AnonymousUser,/api-auth/login/?next=/api/products/,GET,0.006,2026-03-04 10:58:26.495103
userx,/api-auth/login/,POST,0.78,2026-03-04 10:58:35.260823
userx,/api/products/,GET,0.043,2026-03-04 10:58:35.324224
userx,/admin/logout/,GET,0.014,2026-03-04 10:58:38.674621
userx,/admin/logout/,GET,0.009,2026-03-04 10:59:34.295969
userx,/admin/logout/,GET,0.006,2026-03-04 11:00:49.743997
userx,/admin/logout/,GET,0.017,2026-03-04 11:02:10.096433
userx,/admin/logout/,GET,0.012,2026-03-04 11:04:05.952877
userx,/admin/logout/,GET,0.006,2026-03-04 11:05:03.757096
userx,/admin/logout/,GET,0.039,2026-03-04 11:06:47.709878
userx,/admin/logout/,GET,0.013,2026-03-04 11:07:17.491345
userx,/admin/logout/,GET,0.014,2026-03-04 11:08:49.491264
userx,/admin/logout/,GET,0.015,2026-03-04 11:11:13.470752
userx,/admin/logout/,GET,0.018,2026-03-04 11:11:30.073001
userx,/admin/logout/,GET,0.008,2026-03-04 11:13:11.181738
userx,/admin/logout/,GET,0.007,2026-03-04 11:14:37.559705
userx,/admin/logout/,GET,0.007,2026-03-04 11:14:38.731720
userx,/admin/logout/,GET,0.006,2026-03-04 11:15:03.979305
userx,/admin/logout/,GET,0.004,2026-03-04 11:15:04.974653
userx,/admin/logout/,GET,0.017,2026-03-04 11:15:31.726183
userx,/admin/logout/,GET,0.007,2026-03-04 11:15:52.240082
userx,/admin/logout/,GET,0.007,2026-03-04 11:18:28.924647
userx,/admin/logout/,GET,0.004,2026-03-04 11:18:30.355409
userx,/admin/logout/,GET,0.008,2026-03-04 11:18:43.010701
userx,/admin/logout/,GET,0.015,2026-03-04 11:18:53.997784
userx,/admin/logout/,GET,0.011,2026-03-04 11:20:25.865564
userx,/admin/logout/,GET,0.014,2026-03-04 11:20:27.592576
userx,/admin/logout/,GET,0.012,2026-03-04 11:20:57.742897
userx,/admin/logout/,GET,0.009,2026-03-04 11:20:58.811650
userx,/admin/logout/,GET,0.024,2026-03-04 11:21:50.010352
userx,/admin/,GET,0.016,2026-03-04 11:24:37.610990
userx,/admin/,GET,0.011,2026-03-04 11:29:17.842222
AnonymousUser,/favicon.ico,GET,0.017,2026-03-04 11:29:17.955778
userx,/admin/,GET,0.034,2026-03-04 11:42:16.475661
AnonymousUser,/favicon.ico,GET,0.023,2026-03-04 11:42:16.630211
userx,/admin/,GET,0.022,2026-03-04 11:42:17.952382
AnonymousUser,/favicon.ico,GET,0.02,2026-03-04 11:42:18.079477
userx,/,GET,0.057,2026-03-04 11:42:26.460121
userx,/favicon.ico,GET,0.007,2026-03-04 11:42:26.583954
userx,/admin/,GET,0.014,2026-03-04 11:42:32.757878
AnonymousUser,/favicon.ico,GET,0.009,2026-03-04 11:42:32.851610
userx,/admin/,GET,0.036,2026-03-04 11:47:11.060846
userx,/admin/login/?next=/admin/,GET,0.053,2026-03-04 11:47:11.117956
userx,/admin/login/?next=/admin/,GET,0.072,2026-03-04 11:49:09.034706
userx,/admin/login/?next=/admin/,GET,0.007,2026-03-04 11:49:10.508309
userx,/admin/login/?next=/admin/,POST,0.774,2026-03-04 11:49:19.428327
userx,/api/products/,GET,0.095,2026-03-04 11:49:31.172924
userx,/admin/login/?next=/admin/,GET,0.02,2026-03-04 11:49:33.940866
admin,/admin/login/?next=/admin/,POST,0.764,2026-03-04 11:49:37.053255
admin,/admin/,GET,0.026,2026-03-04 11:49:37.099395
admin,/api/products/,GET,0.054,2026-03-04 11:49:40.188891
AnonymousUser,/admin/logout/,POST,0.036,2026-03-04 11:49:56.571166
AnonymousUser,/api/products/,GET,0.027,2026-03-04 11:50:01.138545
AnonymousUser,/admin/,GET,0.0,2026-03-04 11:50:03.967778
AnonymousUser,/favicon.ico,GET,0.016,2026-03-04 11:50:04.031527
AnonymousUser,/admin/,GET,0.001,2026-03-04 11:57:58.452350
AnonymousUser,/favicon.ico,GET,0.012,2026-03-04 11:57:58.579478
AnonymousUser,/admin/,GET,0.001,2026-03-04 11:58:01.773760
AnonymousUser,/favicon.ico,GET,0.006,2026-03-04 11:58:01.882527
AnonymousUser,/admin/,GET,0.0,2026-03-04 11:58:02.838902
AnonymousUser,/favicon.ico,GET,0.016,2026-03-04 11:58:02.932699
AnonymousUser,/admin/,GET,0.0,2026-03-04 11:59:40.776607
AnonymousUser,/favicon.ico,GET,0.004,2026-03-04 11:59:40.829779
AnonymousUser,/admin/,GET,0.031,2026-03-04 11:59:51.866707
AnonymousUser,/admin/login/?next=/admin/,GET,0.025,2026-03-04 11:59:51.895720
AnonymousUser,/admin/login/?next=/admin/,GET,0.046,2026-03-04 11:59:59.725016
AnonymousUser,/admin/login/?next=/admin/,GET,0.007,2026-03-04 12:00:00.741894
AnonymousUser,/admin/login/?next=/admin/,GET,0.005,2026-03-04 12:00:01.598391
AnonymousUser,/admin/login/?next=/admin/,GET,0.005,2026-03-04 12:00:06.747347
AnonymousUser,/admin/login/?next=/admin/,GET,0.007,2026-03-04 12:00:07.959847
admin,/admin/login/?next=/admin/,POST,0.866,2026-03-04 12:00:09.802962
admin,/admin/,GET,0.023,2026-03-04 12:00:09.847421
AnonymousUser,/admin/logout/,POST,0.033,2026-03-04 12:00:16.431129
AnonymousUser,/admin/,GET,0.0,2026-03-04 12:00:17.980708
AnonymousUser,/favicon.ico,GET,0.017,2026-03-04 12:00:18.097134
AnonymousUser,/admin/,GET,0.0,2026-03-04 12:02:45.999673
AnonymousUser,/favicon.ico,GET,0.026,2026-03-04 12:02:46.089729
AnonymousUser,/admin/,GET,0.0,2026-03-04 12:02:47.078093
AnonymousUser,/favicon.ico,GET,0.006,2026-03-04 12:02:47.205501
AnonymousUser,/admin/,GET,0.0,2026-03-04 12:02:47.992721
AnonymousUser,/favicon.ico,GET,0.02,2026-03-04 12:02:48.072704
AnonymousUser,/admin/,GET,0.0,2026-03-04 12:02:48.757897
AnonymousUser,/favicon.ico,GET,0.011,2026-03-04 12:02:48.868487
AnonymousUser,/admin/,GET,0.0,2026-03-04 12:02:49.554471
AnonymousUser,/favicon.ico,GET,0.014,2026-03-04 12:02:49.644594
AnonymousUser,/admin/,GET,0.001,2026-03-04 12:02:50.446269
AnonymousUser,/favicon.ico,GET,0.008,2026-03-04 12:02:50.516393
AnonymousUser,/admin/,GET,0.032,2026-03-04 12:05:39.142324
AnonymousUser,/admin/login/?next=/admin/,GET,0.059,2026-03-04 12:05:39.213111
AnonymousUser,/api/,GET,0.011,2026-03-04 12:05:43.940284
AnonymousUser,/api/payments/,GET,0.004,2026-03-04 12:05:48.561567
AnonymousUser,/api/payments/,GET,0.011,2026-03-04 12:05:52.712570
AnonymousUser,/api-auth/login/?next=/api/payments/,GET,0.004,2026-03-04 12:06:17.634408
AnonymousUser,/api-auth/login/,POST,0.752,2026-03-04 12:06:26.898756
userx,/api-auth/login/,POST,0.979,2026-03-04 12:06:33.485730
userx,/api/payments/,GET,0.115,2026-03-04 12:06:33.620240
userx,/api/,GET,0.017,2026-03-04 12:06:37.140147
userx,/api/payments/,GET,0.099,2026-03-04 12:06:38.913466
userx,/api/payments/,GET,0.017,2026-03-04 12:06:52.555953
AnonymousUser,/favicon.ico,GET,0.03,2026-03-04 12:06:52.699462
userx,/api/payments/,GET,0.042,2026-03-04 12:51:34.706502
AnonymousUser,/favicon.ico,GET,0.018,2026-03-04 12:51:34.794337
userx,/api/payments/,GET,0.008,2026-03-04 12:51:35.850193
AnonymousUser,/favicon.ico,GET,0.012,2026-03-04 12:51:35.945694
userx,/api/payments/,GET,0.023,2026-03-04 12:51:37.955121
AnonymousUser,/favicon.ico,GET,0.007,2026-03-04 12:51:38.035564
userx,/api/payments/,GET,0.014,2026-03-04 12:51:38.856798
AnonymousUser,/favicon.ico,GET,0.008,2026-03-04 12:51:38.965493
userx,/api/products/,GET,0.133,2026-03-04 12:53:40.102754
userx,/api/products/,GET,0.128,2026-03-04 13:57:05.570719
userx,/favicon.ico,GET,0.009,2026-03-04 13:57:05.728147
userx,/api/,GET,0.015,2026-03-04 13:57:06.252026
userx,/api/orders/,GET,0.099,2026-03-04 13:57:07.742059
userx,/api/orders/5,GET,0.016,2026-03-04 13:57:17.441008
userx,/api/orders/5/,GET,0.051,2026-03-04 13:57:17.516078
userx,/api/orders/5/pay/,GET,0.033,2026-03-04 13:57:22.769073
userx,/api/orders/5/pay/,POST,0.096,2026-03-04 13:57:24.924694
userx,/api/orders/50/pay/,GET,0.046,2026-03-04 13:57:38.871128
userx,/api/orders/50/pay/,GET,0.034,2026-03-04 13:57:42.317604
userx,/api/orders/50/pay/,POST,0.102,2026-03-04 13:57:44.018859
userx,/api/orders/50/confirm-payment/?status=successful&tx_ref=d7660115-9b45-4dbe-95ae-eac48c719745&transaction_id=MOCK8c719745,GET,0.041,2026-03-04 13:58:03.600602
userx,/api/orders/50/,GET,0.12,2026-03-04 14:08:15.162674
userx,/favicon.ico,GET,0.007,2026-03-04 14:08:15.382674
userx,/api/,GET,0.02,2026-03-04 14:08:19.905214
userx,/api/payments/,GET,0.012,2026-03-04 14:08:21.920518
AnonymousUser,/favicon.ico,GET,0.011,2026-03-04 14:08:22.023043
AnonymousUser,/api-auth/logout/?next=/api/,POST,0.023,2026-03-04 14:08:28.623431
AnonymousUser,/api/,GET,0.011,2026-03-04 14:08:28.643623
AnonymousUser,/api-auth/login/?next=/api/,GET,0.007,2026-03-04 14:08:29.846190
admin,/api-auth/login/,POST,0.836,2026-03-04 14:08:32.358700
admin,/api/,GET,0.01,2026-03-04 14:08:32.389210
admin,/api/payments/,GET,0.154,2026-03-04 14:08:34.167884
admin,/api/payments/webhooks,GET,0.016,2026-03-04 14:08:42.643652
admin,/api/payments/webhooks/,GET,0.138,2026-03-04 14:08:42.785955
admin,/api/payments/webhookas/,GET,0.121,2026-03-04 14:09:29.935724
admin,/api/payments/aaaa/,GET,0.127,2026-03-04 14:09:36.160111
admin,/api/payments/webhook/,GET,0.12,2026-03-04 14:09:51.261655
admin,/api/,GET,0.057,2026-03-04 14:12:36.636722
admin,/api/orders/,GET,0.091,2026-03-04 14:12:38.105062
admin,/api/orders/60/,GET,0.049,2026-03-04 14:12:45.515827
admin,/api/orders/60/pay/,GET,0.032,2026-03-04 14:12:48.045973
admin,/api/orders/60/pay/,POST,0.169,2026-03-04 14:12:52.534924
admin,/api/orders/61/pay/,GET,0.052,2026-03-04 14:12:59.568928
admin,/api/orders/61/pay/,GET,0.043,2026-03-04 14:13:05.148381
admin,/api/orders/61/pay/,POST,0.135,2026-03-04 14:13:07.415262
admin,/api/payments/webhook/?status=successful&tx_ref=7c4a99be-2605-4ab9-9625-b0a8dd3e6fc9&transaction_id=MOCKdd3e6fc9,GET,0.176,2026-03-04 14:13:11.624076
admin,/api/payments/webhook/?status=successful&tx_ref=7c4a99be-2605-4ab9-9625-b0a8dd3e6fc9&transaction_id=MOCKdd3e6fc9,GET,0.159,2026-03-07 20:23:16.810239
admin,/api/payments/,GET,0.194,2026-03-07 20:23:20.901924
admin,/api/,GET,0.013,2026-03-07 20:23:21.649737
admin,/api/orders/,GET,0.06,2026-03-07 20:23:25.711475
admin,/api/orders/66,GET,0.013,2026-03-07 20:23:35.354584
admin,/api/orders/66/,GET,0.086,2026-03-07 20:23:35.447648
admin,/api/orders/66/pay/,GET,0.038,2026-03-07 20:23:38.664668
admin,/api/orders/66/pay/,POST,0.103,2026-03-07 20:23:40.918708
admin,/api/payments/webhook/?status=successful&tx_ref=467c301b-bea1-4673-a4f4-10cf74b7324a&transaction_id=MOCK74b7324a,GET,0.121,2026-03-07 20:23:44.790348
admin,/api/payments/webhook/?status=successful&tx_ref=467c301b-bea1-4673-a4f4-10cf74b7324a&transaction_id=MOCK74b7324a,GET,0.308,2026-03-07 20:26:43.213179
admin,/api/payments/webhook/?status=successful&tx_ref=467c301b-bea1-4673-a4f4-10cf74b7324a&transaction_id=MOCK74b7324a,GET,0.384,2026-03-07 20:26:44.645987
admin,/api/payments/webhook/?status=successful&tx_ref=467c301b-bea1-4673-a4f4-10cf74b7324a&transaction_id=MOCK74b7324a,GET,0.213,2026-03-07 20:26:45.722456
admin,/api/orders/66/pay/,POST,0.107,2026-03-07 20:26:57.139110
admin,/api/payments/webhook/?status=successful&tx_ref=4ea65645-babf-4e8b-8a00-250fd9c9c05a&order_id=8,GET,0.133,2026-03-07 20:27:02.191292
admin,/api/,GET,0.059,2026-03-09 17:36:07.322502
admin,/register/,GET,0.048,2026-03-09 17:36:41.449181
admin,/reset_password,GET,0.008,2026-03-09 17:41:12.999623
admin,/reset_password,GET,0.014,2026-03-09 17:47:37.878410
admin,/reset_password,GET,0.005,2026-03-09 17:47:39.264961
admin,/reset_password,GET,0.018,2026-03-09 17:47:40.220433
admin,/reset_password,GET,0.023,2026-03-09 17:49:23.940752
admin,/reset_password,GET,0.008,2026-03-09 17:49:25.339909
admin,/reset-password,GET,0.012,2026-03-09 17:49:36.309528
admin,/reset-password/,GET,0.0,2026-03-09 17:49:36.326414
admin,/reset-password/,GET,0.0,2026-03-09 17:50:42.104550
admin,/reset-password/,GET,0.0,2026-03-09 17:50:43.023916
admin,/reset-password/,GET,0.0,2026-03-09 17:50:43.964910
admin,/reset-password/,GET,0.0,2026-03-09 17:50:44.815302
admin,/reset-password/,GET,0.0,2026-03-09 17:50:45.671754
admin,/reset-password/,GET,0.0,2026-03-10 15:30:44.668473
admin,/reset-password/,GET,0.002,2026-03-13 13:46:42.895463
admin,/api/,GET,0.066,2026-03-13 13:46:48.572651
admin,/api/v1.1/orders/,GET,0.095,2026-03-13 13:46:54.507902
admin,/api/v1.1/orders/comfirm-payment-webhook/,GET,0.035,2026-03-13 13:47:08.467676
admin,/api/v1.1/orders/comfirm-payment-webhook/,POST,0.051,2026-03-13 13:47:17.395474
admin,/api/v1.1/orders/comfirm-payment-webhook/,GET,0.04,2026-03-13 13:47:20.274944
admin,/api/v1.1/orders/comfirm-payment-webhook/,GET,0.042,2026-03-13 13:47:22.353517
AnonymousUser,/api/,GET,0.097,2026-03-13 13:51:39.655282
admin,/reset-password/,GET,0.036,2026-03-13 13:56:29.677011
admin,/reset-password/,GET,0.081,2026-03-13 14:01:11.254278
admin,/reset-password/,GET,0.075,2026-03-13 14:01:12.225007
admin,/reset-password/,GET,0.08,2026-03-13 14:01:13.178506
admin,/reset-password/,GET,0.026,2026-03-13 14:01:33.505124
admin,/reset-password/,GET,0.034,2026-03-13 14:01:34.758537
admin,/api/v1.1/orders/comfirm-payment-webhook/,GET,0.084,2026-03-13 14:21:29.502587
admin,/api/v1.1/orders/,GET,0.108,2026-03-13 14:21:42.643861
admin,/api/v1.1/orders/,GET,0.064,2026-03-13 14:38:44.848774
admin,/api/v1.1/,GET,0.01,2026-03-13 14:38:45.536192
admin,/api/v1.1/payments/,GET,0.134,2026-03-13 14:38:50.034561
admin,/api/v1.1/,GET,0.009,2026-03-13 14:38:55.477988
admin,/api/v1.1/users/,GET,0.076,2026-03-13 14:48:34.464795
admin,/api/v1.1/users/?page=3,GET,0.017,2026-03-13 14:49:10.413559
admin,/api/v1.1/users/?page=2,GET,0.015,2026-03-13 14:49:16.741002
admin,/api/v1.1/users/?page=3,GET,0.016,2026-03-13 14:49:17.932720
admin,/api/v1.1/users/?page=4,GET,0.031,2026-03-13 14:49:18.584418
admin,/api/v1.1/users/?page=5,GET,0.022,2026-03-13 14:49:19.124859
admin,/api/v1.1/users/?page=6,GET,0.016,2026-03-13 14:49:19.514008
admin,/api/v1.1/users/?page=7,GET,0.035,2026-03-13 14:49:19.907035
admin,/api/v1.1/users/?page=8,GET,0.013,2026-03-13 14:49:20.240917
admin,/api/v1.1/users/?page=9,GET,0.029,2026-03-13 14:49:20.681621
admin,/api/v1.1/users/?page=10,GET,0.022,2026-03-13 14:49:21.866035
admin,/api/v1.1/users/?page=11,GET,0.026,2026-03-13 14:49:22.485620
admin,/api/v1.1/users/?page=12,GET,0.02,2026-03-13 14:49:22.958668
admin,/api/v1.1/users/?page=13,GET,0.017,2026-03-13 14:49:23.320938
admin,/api/v1.1/users/?page=14,GET,0.03,2026-03-13 14:49:23.758487
admin,/api/v1.1/users/?page=15,GET,0.022,2026-03-13 14:49:29.666806
admin,/api/v1.1/users/?page=16,GET,0.019,2026-03-13 14:49:30.095340
admin,/api/v1.1/users/?page=17,GET,0.027,2026-03-13 14:49:31.245789
admin,/api/v1.1/users/?page=18,GET,0.022,2026-03-13 14:49:31.583322
admin,/api/v1.1/users/?page=19,GET,0.01,2026-03-13 14:49:31.952033
admin,/api/v1.1/users/?page=20,GET,0.029,2026-03-13 14:49:32.377900
admin,/api/v1.1/users/?page=21,GET,0.021,2026-03-13 14:49:32.958840
AnonymousUser,/,GET,0.127,2026-03-31 20:23:28.049620
AnonymousUser,/api/,GET,0.071,2026-03-31 20:23:40.402666
AnonymousUser,/api-auth/login/?next=/api/,GET,0.006,2026-03-31 20:23:46.537078
admin,/api-auth/login/,POST,0.775,2026-03-31 20:23:49.253164
admin,/api/,GET,0.014,2026-03-31 20:23:49.288626
admin,/admin/,GET,0.05,2026-03-31 20:23:57.278715
admin,/admin/commerce/user/,GET,0.115,2026-03-31 20:24:01.412952
admin,/admin/jsi18n/,GET,0.041,2026-03-31 20:24:01.594020
admin,/admin/commerce/user/add/,GET,0.188,2026-03-31 20:24:12.475155
admin,/admin/jsi18n/,GET,0.015,2026-03-31 20:24:12.543560
admin,/admin/commerce/user/add/,POST,0.139,2026-03-31 20:24:48.799697
admin,/admin/commerce/user/,GET,0.153,2026-03-31 20:24:48.957336
admin,/admin/jsi18n/,GET,0.009,2026-03-31 20:24:49.066678
admin,/register/,GET,0.034,2026-03-31 20:27:34.774373
admin,/register/,POST,0.797,2026-03-31 20:28:12.446741
admin,/register/,POST,0.79,2026-03-31 20:30:10.062404
admin,/admin/commerce/user/,GET,0.111,2026-03-31 20:35:22.478102
admin,/admin/jsi18n/,GET,0.028,2026-03-31 20:35:22.577084
admin,/admin/commerce/user/add/,GET,0.098,2026-03-31 20:35:25.154588
admin,/admin/jsi18n/,GET,0.017,2026-03-31 20:35:25.293145
admin,/admin/commerce/user/add/,POST,0.091,2026-03-31 20:36:12.051504
admin,/admin/commerce/user/,GET,0.118,2026-03-31 20:36:12.178857
admin,/admin/jsi18n/,GET,0.008,2026-03-31 20:36:12.285858
admin,/admin/commerce/user/add/,GET,0.173,2026-03-31 20:37:40.213819
admin,/admin/jsi18n/,GET,0.005,2026-03-31 20:37:40.268263
admin,/admin/commerce/user/add/,POST,0.046,2026-03-31 20:37:56.771615
admin,/admin/commerce/user/,GET,0.091,2026-03-31 20:37:56.872372
admin,/admin/jsi18n/,GET,0.008,2026-03-31 20:37:57.026542
admin,/admin/commerce/user/add/,GET,0.177,2026-03-31 20:38:49.827783
admin,/admin/jsi18n/,GET,0.041,2026-03-31 20:38:50.006155
admin,/admin/commerce/user/add/,POST,0.057,2026-03-31 20:39:16.388728
admin,/admin/commerce/user/,GET,0.125,2026-03-31 20:39:16.521292
admin,/admin/jsi18n/,GET,0.012,2026-03-31 20:39:16.622353
admin,/admin/commerce/user/add/,GET,0.144,2026-03-31 20:44:22.313009
admin,/admin/jsi18n/,GET,0.029,2026-03-31 20:44:22.480774
admin,/admin/commerce/user/add/,POST,0.048,2026-03-31 20:44:53.309676
admin,/admin/commerce/user/,GET,0.128,2026-03-31 20:44:53.445460
admin,/admin/jsi18n/,GET,0.008,2026-03-31 20:44:53.548513
admin,/admin/commerce/user/add/,GET,0.16,2026-03-31 20:47:22.099280
admin,/admin/jsi18n/,GET,0.023,2026-03-31 20:47:22.228176
admin,/admin/commerce/user/add/,POST,0.122,2026-03-31 20:47:47.066358
admin,/admin/commerce/user/,GET,0.162,2026-03-31 20:47:47.240312
admin,/admin/jsi18n/,GET,0.009,2026-03-31 20:47:47.370125
admin,/admin/commerce/user/add/,GET,0.284,2026-03-31 20:48:55.823696
admin,/admin/jsi18n/,GET,0.014,2026-03-31 20:48:55.917446
admin,/admin/commerce/user/add/,POST,0.098,2026-03-31 20:49:22.624810
admin,/admin/commerce/user/,GET,0.097,2026-03-31 20:49:22.734209
admin,/admin/jsi18n/,GET,0.006,2026-03-31 20:49:22.840980
admin,/admin/commerce/user/add/,GET,0.165,2026-03-31 20:49:49.738758
admin,/admin/jsi18n/,GET,0.007,2026-03-31 20:49:49.821307
admin,/admin/commerce/user/add/,POST,0.101,2026-03-31 20:50:17.072535
admin,/admin/commerce/user/,GET,0.125,2026-03-31 20:50:17.219034
admin,/admin/jsi18n/,GET,0.014,2026-03-31 20:50:17.317616
AnonymousUser,/,GET,0.149,2026-04-13 10:06:59.576134
AnonymousUser,/favicon.ico,GET,0.008,2026-04-13 10:06:59.808799
AnonymousUser,/register/,GET,0.084,2026-04-13 10:07:04.960709
AnonymousUser,/favicon.ico,GET,0.013,2026-04-13 10:07:05.282385
AnonymousUser,/register/,POST,0.807,2026-04-13 10:07:29.980754
AnonymousUser,/register/,POST,0.86,2026-04-13 10:11:09.516798
AnonymousUser,/register/,POST,0.879,2026-04-13 10:12:52.034564
AnonymousUser,/register/,GET,0.073,2026-04-13 10:28:40.523498
AnonymousUser,/register/,GET,0.06,2026-04-13 10:35:04.669791
AnonymousUser,/register/,POST,0.789,2026-04-13 10:35:18.124576
AnonymousUser,/register/,GET,0.07,2026-04-13 10:40:49.939753
AnonymousUser,/register/,POST,0.809,2026-04-13 10:40:58.207738
AnonymousUser,/register/,POST,0.827,2026-04-13 10:41:54.036584
AnonymousUser,/register/,POST,0.858,2026-04-13 10:42:36.670476
AnonymousUser,/register/,POST,0.788,2026-04-13 10:43:00.032013
AnonymousUser,/register/,GET,0.064,2026-04-13 10:45:28.633969
AnonymousUser,/register/,POST,0.826,2026-04-13 10:45:35.739961
AnonymousUser,/register/,POST,0.887,2026-04-13 10:46:17.023171
AnonymousUser,/register/,POST,0.832,2026-04-13 10:46:51.247870
AnonymousUser,/,GET,0.347,2026-04-23 08:48:03.601117
AnonymousUser,/favicon.ico,GET,0.009,2026-04-23 08:48:03.913084
AnonymousUser,/register/,GET,0.089,2026-04-23 08:48:13.798367
AnonymousUser,/register/,GET,0.115,2026-04-23 09:15:33.920651
AnonymousUser,/register/,POST,0.915,2026-04-23 09:15:52.651597
AnonymousUser,/register/,GET,0.125,2026-04-23 09:22:56.618398
AnonymousUser,/register/,POST,1.025,2026-04-23 09:23:12.334269
AnonymousUser,/register/,GET,0.138,2026-04-23 09:24:08.563500
AnonymousUser,/register/,POST,0.97,2026-04-23 09:24:34.747932
AnonymousUser,/register/,GET,0.124,2026-04-23 09:27:17.127316
AnonymousUser,/register/,POST,0.932,2026-04-23 09:27:25.039491
AnonymousUser,/register/,GET,0.117,2026-04-23 09:29:38.987740
AnonymousUser,/register/,POST,0.903,2026-04-23 09:29:51.265865
AnonymousUser,/register/,GET,0.116,2026-04-23 09:40:46.614187
AnonymousUser,/register/,POST,0.859,2026-04-23 09:40:57.236207
AnonymousUser,/register/,GET,0.013,2026-04-23 09:43:37.411466
AnonymousUser,/register/,POST,0.94,2026-04-23 09:43:50.945807
AnonymousUser,/register/,GET,0.047,2026-04-23 10:15:42.616289
AnonymousUser,/register/,GET,0.018,2026-04-23 10:15:44.124006
AnonymousUser,/register/,GET,0.02,2026-04-23 10:45:30.422669
AnonymousUser,/api-auth/login/?next=/register/,GET,0.009,2026-04-23 10:45:32.367702
admin,/api-auth/login/,POST,0.828,2026-04-23 10:45:34.757167
admin,/register/,GET,0.013,2026-04-23 10:45:34.789956
admin,/favicon.ico,GET,0.008,2026-04-23 10:45:34.941934
admin,/register/,GET,0.013,2026-04-23 10:45:42.938122
admin,/api/,GET,0.023,2026-04-23 10:45:53.709979
admin,/api/v1.1/payments/,GET,0.161,2026-04-23 10:45:55.486638
admin,/api/v1.1/payments/,GET,0.182,2026-04-23 10:46:37.188846
admin,/,GET,0.123,2026-04-23 10:47:14.268110
admin,/api/,GET,0.023,2026-04-23 10:47:18.270517
admin,/api/v1.1/order_items/,GET,0.128,2026-04-23 10:47:21.400026
admin,/api/v1.1/,GET,0.011,2026-04-23 10:47:27.737911
admin,/api/v1.1/products/,GET,0.07,2026-04-23 10:47:29.134915
admin,/api/v1.1/products/?page=2,GET,0.039,2026-04-23 10:47:52.250181
admin,/api/v1.1/products/,GET,0.129,2026-04-23 10:50:13.851898
admin,/api/v1.1/products/,GET,0.057,2026-04-23 10:50:15.091984
admin,/api/v1.1/payments/,GET,0.303,2026-04-23 16:48:02.884319
admin,/api/v1.1/payments/,GET,0.253,2026-04-23 16:48:42.503867
admin,/api/v1.1/payments/,GET,0.305,2026-04-23 16:48:50.425532
admin,/__debug__/render_panel/?request_id=143afb64664c447ab7ef5621b538f63c&panel_id=RequestPanel,GET,0.015,2026-04-23 16:48:53.051691
admin,/__debug__/render_panel/?request_id=143afb64664c447ab7ef5621b538f63c&panel_id=SignalsPanel,GET,0.005,2026-04-23 16:48:58.383565
admin,/__debug__/render_panel/?request_id=143afb64664c447ab7ef5621b538f63c&panel_id=SQLPanel,GET,0.622,2026-04-23 16:49:15.227959
admin,/__debug__/sql_explain/,POST,0.007,2026-04-23 16:50:48.831637
admin,/api/v1.1/,GET,2.74,2026-04-23 16:51:14.273461
admin,/favicon.ico,GET,0.347,2026-04-23 16:51:15.953719
admin,/__debug__/render_panel/?request_id=f284ab17015f4180a8f691fc5fc5684e&panel_id=RequestPanel,GET,0.034,2026-04-23 16:51:30.484340
admin,/api/v1.1/products/,GET,1.808,2026-04-23 16:52:54.407358
admin,/api/v1.1/products/,GET,2.849,2026-04-23 16:53:22.237800
admin,/__debug__/render_panel/?request_id=da52e968931e4b43a53234d5b39263ec&panel_id=SettingsPanel,GET,0.05,2026-04-23 16:54:46.310398
admin,/__debug__/render_panel/?request_id=da52e968931e4b43a53234d5b39263ec&panel_id=HeadersPanel,GET,0.003,2026-04-23 17:04:11.037923
admin,/api/v1.1/products/,GET,3.236,2026-04-23 17:04:21.477091
admin,/api/v1.1/,GET,0.814,2026-04-23 17:04:29.361457
admin,/api/v1.1/products/,GET,3.422,2026-04-23 17:04:39.070567
admin,/api/v1.1/products/,GET,4.55,2026-04-23 17:15:35.846976
admin,/__debug__/render_panel/?request_id=4ba24d99890f4b2a938a54a9f17311bc&panel_id=HeadersPanel,GET,0.022,2026-04-23 17:15:42.784863
admin,/__debug__/render_panel/?request_id=4ba24d99890f4b2a938a54a9f17311bc&panel_id=CachePanel,GET,0.019,2026-04-23 17:16:06.579911
admin,/__debug__/render_panel/?request_id=4ba24d99890f4b2a938a54a9f17311bc&panel_id=SignalsPanel,GET,0.014,2026-04-23 17:16:09.147819
